package,breaking_version,prior_stable_version,published_at,is_deprecated,days_to_patch,quick_patch,discovery_method,confidence,label_breaking,weekly_downloads
glob,4.0.0,3.2.11,2014-05-20T23:32:16+00:00,1,12.0,1,deprecated+quick_patch,0.9,1,353879984
glob,5.0.0,4.5.3,2015-03-06T07:11:10+00:00,1,1.0,1,deprecated+quick_patch,0.9,1,353879984
glob,10.0.0,9.3.5,2023-04-09T22:26:50+00:00,1,5.0,1,deprecated+quick_patch,0.9,1,353879984
uuid,3.0.0,2.0.3,2016-11-18T05:55:37+00:00,1,11.0,1,deprecated+quick_patch,0.9,1,261337841
uuid,7.0.0,3.4.0,2020-02-24T13:23:46+00:00,1,1.0,1,deprecated+quick_patch,0.9,1,261337841
graceful-fs,3.0.0,2.0.3,2014-06-02T01:48:19+00:00,1,5.0,1,deprecated+quick_patch,0.9,1,161096183
eslint,1.0.0,0.24.1,2015-07-31T17:19:53+00:00,1,7.0,1,deprecated+quick_patch,0.9,1,132905621
eslint,2.0.0,1.10.3,2016-02-12T17:50:19+00:00,1,3.0,1,deprecated+quick_patch,0.9,1,132905621
eslint,3.0.0,2.13.1,2016-07-01T18:08:45+00:00,1,3.0,1,deprecated+quick_patch,0.9,1,132905621
eslint,4.0.0,3.19.0,2017-06-12T01:21:22+00:00,1,11.0,1,deprecated+quick_patch,0.9,1,132905621
eslint,5.0.0,4.19.1,2018-06-23T02:40:29+00:00,1,3.0,1,deprecated+quick_patch,0.9,1,132905621
eslint,6.0.0,5.16.0,2019-06-22T03:01:41+00:00,1,2.0,1,deprecated+quick_patch,0.9,1,132905621
eslint,7.0.0,6.8.0,2020-05-08T18:51:12+00:00,1,14.0,1,deprecated+quick_patch,0.9,1,132905621
eslint,8.0.0,7.32.0,2021-10-09T20:46:13+00:00,1,4.0,1,deprecated+quick_patch,0.9,1,132905621
express,1.0.0,0.14.1,2010-12-29T19:38:25+00:00,1,12.0,1,deprecated+quick_patch,0.9,1,105166397
express,2.0.0,1.0.8,2011-03-18T01:06:40+00:00,1,6.0,1,deprecated+quick_patch,0.9,1,105166397
express,3.0.0,2.5.11,2012-10-23T22:30:10+00:00,1,9.0,1,deprecated+quick_patch,0.9,1,105166397
tar,2.0.0,1.0.3,2015-03-27T01:45:53+00:00,1,12.0,1,deprecated+quick_patch,0.9,1,81073093
tar,4.0.0,3.2.3,2017-08-18T22:24:34+00:00,1,2.0,1,deprecated+quick_patch,0.9,1,81073093
tar,6.0.0,5.0.11,2020-01-28T01:46:19+00:00,1,1.0,1,deprecated+quick_patch,0.9,1,81073093
tar,7.0.0,6.2.1,2024-04-10T20:07:24+00:00,1,4.0,1,deprecated+quick_patch,0.9,1,81073093
jsonwebtoken,4.0.0,3.2.2,2015-03-06T15:10:53+00:00,1,4.0,1,deprecated+quick_patch,0.9,1,44625727
graphql,14.0.0,0.13.2,2018-08-30T17:22:47+00:00,1,7.0,1,deprecated+quick_patch,0.9,1,39640273
next,14.0.0,13.5.11,2023-10-26T16:13:48+00:00,1,4.0,1,deprecated+quick_patch,0.9,1,36029905
formidable,1.0.0,0.9.11,2011-04-13T20:44:27+00:00,1,13.0,1,deprecated+quick_patch,0.9,1,21622708
gauge,2.0.0,1.2.7,2016-02-21T01:14:51+00:00,1,9.0,1,deprecated+quick_patch,0.9,1,21243092
npmlog,3.0.0,2.0.4,2016-06-07T01:30:36+00:00,1,8.0,1,deprecated+quick_patch,0.9,1,21079784
npmlog,7.0.0,6.0.2,2022-10-14T17:52:29+00:00,1,4.0,1,deprecated+quick_patch,0.9,1,21079784
joi,1.0.0,0.4.0,2013-08-16T14:52:39+00:00,1,5.0,1,deprecated+quick_patch,0.9,1,20880260
joi,3.0.0,2.9.0,2014-04-08T07:00:54+00:00,1,2.0,1,deprecated+quick_patch,0.9,1,20880260
joi,6.0.0,5.1.0,2015-03-02T22:30:48+00:00,1,2.0,1,deprecated+quick_patch,0.9,1,20880260
joi,9.0.0,8.4.2,2016-07-09T13:47:00+00:00,1,6.0,1,deprecated+quick_patch,0.9,1,20880260
superagent,1.0.0,0.21.0,2015-03-11T18:16:36+00:00,1,1.0,1,deprecated+quick_patch,0.9,1,20148539
superagent,3.0.0,2.3.0,2016-11-19T22:43:03+00:00,1,8.0,1,deprecated+quick_patch,0.9,1,20148539
superagent,10.0.0,9.0.2,2024-08-05T10:33:29+00:00,1,7.0,1,deprecated+quick_patch,0.9,1,20148539
multer,1.0.0,0.1.8,2015-07-18T17:39:55+00:00,1,1.0,1,deprecated+quick_patch,0.9,1,16410589
nodemailer,3.0.0,2.7.2,2017-01-31T10:17:16+00:00,1,3.0,1,deprecated+quick_patch,0.9,1,15617912
nodemailer,4.0.0,3.1.8,2017-04-06T17:39:41+00:00,1,6.0,1,deprecated+quick_patch,0.9,1,15617912
request,1.0.0,0.10.0,2011-01-22T00:36:12+00:00,1,1.0,1,deprecated+quick_patch,0.9,1,14988766
supertest,4.0.0,3.4.2,2019-03-09T11:14:11+00:00,1,6.0,1,deprecated+quick_patch,0.9,1,14590675
supertest,6.0.0,5.0.0,2020-10-28T18:41:30+00:00,1,6.0,1,deprecated+quick_patch,0.9,1,14590675
connect,2.0.0,1.9.2,2012-02-28T15:53:07+00:00,1,1.0,1,deprecated+quick_patch,0.9,1,14581336
mocha,1.0.0,0.14.1,2012-03-24T17:43:35+00:00,1,11.0,1,deprecated+quick_patch,0.9,1,13755239
mocha,2.0.0,1.21.5,2014-10-22T05:04:03+00:00,1,1.0,1,deprecated+quick_patch,0.9,1,13755239
sinon,2.0.0,1.17.7,2017-03-15T06:18:52+00:00,1,5.0,1,deprecated+quick_patch,0.9,1,11084231
sinon,3.0.0,2.4.1,2017-08-03T14:13:59+00:00,1,4.0,1,deprecated+quick_patch,0.9,1,11084231
sinon,4.0.0,3.3.0,2017-09-26T07:57:48+00:00,1,8.0,1,deprecated+quick_patch,0.9,1,11084231
sinon,6.0.0,5.1.1,2018-06-11T05:23:51+00:00,1,13.0,1,deprecated+quick_patch,0.9,1,11084231
sinon,7.0.0,6.3.5,2018-10-14T10:37:14+00:00,1,10.0,1,deprecated+quick_patch,0.9,1,11084231
puppeteer,3.0.0,2.1.1,2020-04-16T09:19:09+00:00,1,6.0,1,deprecated+quick_patch,0.9,1,10268035
puppeteer,4.0.0,3.3.0,2020-06-15T13:50:32+00:00,1,8.0,1,deprecated+quick_patch,0.9,1,10268035
puppeteer,5.0.0,4.0.1,2020-07-02T13:35:26+00:00,1,10.0,1,deprecated+quick_patch,0.9,1,10268035
puppeteer,9.0.0,8.0.0,2021-04-21T11:27:32+00:00,1,12.0,1,deprecated+quick_patch,0.9,1,10268035
log4js,1.0.0,0.6.38,2016-11-03T21:40:19+00:00,1,2.0,1,deprecated+quick_patch,0.9,1,7565105
log4js,2.0.0,1.1.1,2017-07-08T02:45:13+00:00,1,2.0,1,deprecated+quick_patch,0.9,1,7565105
log4js,3.0.0,2.11.0,2018-07-15T22:07:12+00:00,1,4.0,1,deprecated+quick_patch,0.9,1,7565105
log4js,4.0.0,3.0.6,2019-01-24T21:25:03+00:00,1,4.0,1,deprecated+quick_patch,0.9,1,7565105
log4js,5.0.0,4.5.1,2019-08-11T22:46:47+00:00,1,11.0,1,deprecated+quick_patch,0.9,1,7565105
better-sqlite3,3.0.0,2.3.3,2017-06-06T04:57:11+00:00,1,2.0,1,deprecated+quick_patch,0.9,1,6944194
bcrypt,1.0.0,0.8.7,2016-12-05T01:01:21+00:00,1,3.0,1,deprecated+quick_patch,0.9,1,5151053
bcrypt,2.0.0,1.1.0-napi,2018-04-07T15:36:38+00:00,1,13.0,1,deprecated+quick_patch,0.9,1,5151053
bcrypt,4.0.0,3.0.8,2020-02-21T09:58:15+00:00,1,10.0,1,deprecated+quick_patch,0.9,1,5151053
react-dnd,1.0.0,0.9.8,2015-05-19T00:46:44+00:00,1,7.0,1,deprecated+quick_patch,0.9,1,4878026
sequelize,1.0.0,0.4.3,2011-05-03T17:08:41+00:00,1,9.0,1,deprecated+quick_patch,0.9,1,2974383
chrono-node,2.0.0,1.4.9,2020-07-06T04:30:15+00:00,1,1.0,1,deprecated+quick_patch,0.9,1,2538392
react-beautiful-dnd,2.0.0,1.0.3,2017-08-22T23:56:59+00:00,1,1.0,1,deprecated+quick_patch,0.9,1,2334900
react-beautiful-dnd,4.0.0,3.0.0,2018-01-11T03:15:55+00:00,1,5.0,1,deprecated+quick_patch,0.9,1,2334900
react-beautiful-dnd,6.0.0,5.0.0,2018-03-13T06:37:04+00:00,1,9.0,1,deprecated+quick_patch,0.9,1,2334900
react-beautiful-dnd,7.0.0,6.0.2,2018-04-11T05:32:06+00:00,1,4.0,1,deprecated+quick_patch,0.9,1,2334900
react-beautiful-dnd,9.0.0,8.0.7,2018-08-09T05:47:30+00:00,1,10.0,1,deprecated+quick_patch,0.9,1,2334900
react-beautiful-dnd,10.0.0,9.0.2,2018-11-11T23:38:24+00:00,1,1.0,1,deprecated+quick_patch,0.9,1,2334900
react-beautiful-dnd,11.0.0,10.1.1,2019-04-15T04:57:04+00:00,1,8.0,1,deprecated+quick_patch,0.9,1,2334900
serverless,1.0.0,0.5.6,2016-10-12T05:29:52+00:00,1,1.0,1,deprecated+quick_patch,0.9,1,1416616
levelup,1.0.0,0.19.1,2015-05-14T13:22:30+00:00,1,3.0,1,deprecated+quick_patch,0.9,1,1080615
levelup,3.0.0,2.0.2,2018-05-23T12:19:49+00:00,1,1.0,1,deprecated+quick_patch,0.9,1,1080615
node-sass,3.0.0,2.1.1,2015-05-06T13:51:55+00:00,1,6.0,1,deprecated+quick_patch,0.9,1,942515
node-sass,4.0.0,3.13.1,2016-12-10T13:42:01+00:00,1,8.0,1,deprecated+quick_patch,0.9,1,942515
graphql-tools,3.0.0,2.24.0,2018-04-26T19:00:46+00:00,1,11.0,1,deprecated+quick_patch,0.9,1,938892
graphql-tools,5.0.0,4.0.8,2020-04-14T14:42:30+00:00,1,9.0,1,deprecated+quick_patch,0.9,1,938892
graphql-tools,6.0.0,5.0.1-f46fe56.0,2020-05-21T13:52:05+00:00,1,3.0,1,deprecated+quick_patch,0.9,1,938892
graphql-tools,7.0.0,6.2.6,2020-10-24T18:58:24+00:00,1,2.0,1,deprecated+quick_patch,0.9,1,938892
graphql-tools,8.0.0,7.0.5,2021-07-28T10:09:57+00:00,1,7.0,1,deprecated+quick_patch,0.9,1,938892
apollo-server-express,3.0.0,2.26.2,2021-07-07T18:17:52+00:00,1,9.0,1,deprecated+quick_patch,0.9,1,762104
leveldown,4.0.0,3.0.2,2018-05-16T20:28:52+00:00,1,6.0,1,deprecated+quick_patch,0.9,1,636520
leveldown,5.0.0,4.0.2,2019-03-29T08:54:36+00:00,1,9.0,1,deprecated+quick_patch,0.9,1,636520
tap,1.0.0,0.7.1,2015-05-07T00:24:43+00:00,1,1.0,1,deprecated+quick_patch,0.9,1,344686
tap,2.0.0,1.4.1,2015-09-27T18:35:57+00:00,1,9.0,1,deprecated+quick_patch,0.9,1,344686
tap,5.0.0,4.0.0,2016-01-04T07:57:34+00:00,1,5.0,1,deprecated+quick_patch,0.9,1,344686
tap,7.0.0,6.3.2,2016-08-27T07:34:10+00:00,1,9.0,1,deprecated+quick_patch,0.9,1,344686
tap,10.0.0,9.0.3,2017-01-28T09:43:10+00:00,1,4.0,1,deprecated+quick_patch,0.9,1,344686
oclif,2.0.0-master.0,1.18.4,2021-12-01T12:59:42+00:00,1,7.0,1,deprecated+quick_patch,0.9,1,318247
gatsby,3.0.0-reach-router.14,2.33.0-blazing-fast.27,2021-02-26T10:17:36+00:00,1,5.0,1,deprecated+quick_patch,0.9,1,315646
gatsby,3.0.0-reach-router.16,2.33.0-blazing-fast.27,2021-02-26T10:31:50+00:00,1,5.0,1,deprecated+quick_patch,0.9,1,315646
gatsby,3.0.0-reach-router.18,2.33.0-blazing-fast.27,2021-02-26T10:42:07+00:00,1,5.0,1,deprecated+quick_patch,0.9,1,315646
apollo-server,3.0.0,2.26.2,2021-07-07T18:17:59+00:00,1,9.0,1,deprecated+quick_patch,0.9,1,216479
hapi,1.0.0,0.16.0,2013-04-30T20:22:11+00:00,1,2.0,1,deprecated+quick_patch,0.9,1,78578
hapi,2.0.0,1.20.0,2014-01-17T09:14:39+00:00,1,3.0,1,deprecated+quick_patch,0.9,1,78578
hapi,3.0.0,2.6.0,2014-03-12T23:44:08+00:00,1,6.0,1,deprecated+quick_patch,0.9,1,78578
hapi,5.0.0,4.1.4,2014-05-19T19:41:17+00:00,1,5.0,1,deprecated+quick_patch,0.9,1,78578
hapi,7.0.0,6.11.1,2014-10-10T00:26:33+00:00,1,12.0,1,deprecated+quick_patch,0.9,1,78578
hapi,10.0.0,9.5.1,2015-09-11T20:47:37+00:00,1,11.0,1,deprecated+quick_patch,0.9,1,78578
react-testing-library,2.0.0,1.10.0,2018-04-06T13:40:37+00:00,1,4.0,1,deprecated+quick_patch,0.9,1,59084
debug,4.0.0,3.2.7,2018-09-11T08:58:14+00:00,1,0.0,0,deprecated,0.7,1,611370945
minimatch,1.0.0,0.4.0,2014-07-28T21:29:33+00:00,1,,0,deprecated,0.7,1,609630883
minimatch,2.0.0,1.0.0,2014-12-01T02:12:02+00:00,1,0.0,0,deprecated,0.7,1,609630883
minimatch,3.0.0,2.0.10,2015-09-27T18:18:59+00:00,1,264.0,0,deprecated,0.7,1,609630883
glob,3.0.0,2.1.0,2012-01-18T02:44:42+00:00,1,0.0,0,deprecated,0.7,1,353879984
glob,7.0.0,6.0.4,2016-02-10T19:27:17+00:00,1,23.0,0,deprecated,0.7,1,353879984
glob,9.0.0,8.1.0,2023-02-27T20:51:32+00:00,1,0.0,0,deprecated,0.7,1,353879984
glob,11.0.0,10.5.0,2024-07-08T22:16:14+00:00,1,185.0,0,deprecated,0.7,1,353879984
uuid,2.0.0,1.4.2,2014-09-29T09:03:24+00:00,1,0.0,0,deprecated,0.7,1,261337841
uuid,8.0.0,7.0.3,2020-04-29T20:42:26+00:00,1,20.0,0,deprecated,0.7,1,261337841
uuid,9.0.0,8.3.2,2022-09-05T20:03:54+00:00,1,371.0,0,deprecated,0.7,1,261337841
uuid,10.0.0,9.0.1,2024-06-09T13:42:04+00:00,1,,0,deprecated,0.7,1,261337841
graceful-fs,2.0.0,1.2.3,2013-07-11T07:10:06+00:00,1,58.0,0,deprecated,0.7,1,161096183
rimraf,2.0.0,1.0.9,2012-01-30T02:20:45+00:00,1,0.0,0,deprecated,0.7,1,139337814
rimraf,3.0.0,2.7.1,2019-08-14T18:12:42+00:00,1,166.0,0,deprecated,0.7,1,139337814
rimraf,4.0.0,3.0.2,2023-01-13T00:29:41+00:00,1,0.0,0,deprecated,0.7,1,139337814
react-dom,16.0.0,15.7.0,2017-09-26T16:00:34+00:00,1,43.0,0,deprecated,0.7,1,126336192
ajv-formats,1.0.0,0.6.1,2020-01-14T17:57:35+00:00,1,0.0,0,deprecated,0.7,1,90710518
rxjs,6.0.0-smoosh.0,5.6.0-forward-compat.5,2018-04-01T06:40:06+00:00,1,32.0,0,deprecated,0.7,1,87995984
rxjs,6.0.0-smoosh.1,5.6.0-forward-compat.5,2018-04-01T20:21:39+00:00,1,31.0,0,deprecated,0.7,1,87995984
rxjs,6.0.0-smoosh.2,5.6.0-forward-compat.5,2018-04-02T03:23:50+00:00,1,31.0,0,deprecated,0.7,1,87995984
eslint-plugin-react-hooks,2.0.0,1.7.0,2019-08-21T18:18:54+00:00,1,0.0,0,deprecated,0.7,1,82168492
eslint-plugin-react-hooks,6.0.0,5.2.0,2025-04-21T18:10:52+00:00,1,163.0,0,deprecated,0.7,1,82168492
tar,1.0.0,0.1.20,2014-07-31T22:28:36+00:00,1,18.0,0,deprecated,0.7,1,81073093
tar,3.0.0,2.2.2,2017-05-10T01:24:27+00:00,1,0.0,0,deprecated,0.7,1,81073093
tar,5.0.0,4.4.19,2019-09-25T06:00:08+00:00,1,0.0,0,deprecated,0.7,1,81073093
eslint-config-prettier,10.0.0,9.1.2,2025-01-13T14:35:41+00:00,1,0.0,0,deprecated,0.7,1,56677772
bluebird,3.0.0,2.11.0,2015-10-27T14:29:25+00:00,1,0.0,0,deprecated,0.7,1,46641257
jsonwebtoken,1.0.0,0.4.1,2014-08-23T22:43:24+00:00,1,0.0,0,deprecated,0.7,1,44625727
jsonwebtoken,2.0.0,1.3.0,2014-12-20T03:05:25+00:00,1,,0,deprecated,0.7,1,44625727
jsonwebtoken,3.0.0,2.0.0,2014-12-29T16:08:34+00:00,1,0.0,0,deprecated,0.7,1,44625727
formidable,2.0.0-dev.20200130.1,1.2.6,2020-01-30T01:15:59+00:00,1,639.0,0,deprecated,0.7,1,21622708
formidable,2.0.0-dev.20200131.2,1.2.6,2020-01-31T09:15:48+00:00,1,638.0,0,deprecated,0.7,1,21622708
formidable,2.0.0,1.2.6,2021-10-30T16:17:26+00:00,1,0.0,0,deprecated,0.7,1,21622708
gauge,3.0.0,2.7.4,2020-01-31T21:47:56+00:00,1,541.0,0,deprecated,0.7,1,21243092
gauge,4.0.0,3.0.2,2021-11-15T15:05:40+00:00,1,92.0,0,deprecated,0.7,1,21243092
gauge,5.0.0,4.0.4,2022-10-14T05:22:34+00:00,1,194.0,0,deprecated,0.7,1,21243092
npmlog,1.0.0,0.1.1,2015-01-07T17:41:44+00:00,1,25.0,0,deprecated,0.7,1,21079784
npmlog,2.0.0,1.2.1,2015-11-05T07:19:06+00:00,1,77.0,0,deprecated,0.7,1,21079784
npmlog,4.0.0,3.1.2,2016-07-19T00:29:10+00:00,1,121.0,0,deprecated,0.7,1,21079784
npmlog,5.0.0,4.1.2,2021-07-22T17:06:12+00:00,1,41.0,0,deprecated,0.7,1,21079784
npmlog,6.0.0,5.0.1,2021-11-16T17:35:18+00:00,1,85.0,0,deprecated,0.7,1,21079784
are-we-there-yet,2.0.0,1.1.7,2021-09-02T14:27:09+00:00,1,,0,deprecated,0.7,1,21054739
are-we-there-yet,3.0.0,2.0.0,2022-02-09T18:30:21+00:00,1,168.0,0,deprecated,0.7,1,21054739
are-we-there-yet,4.0.0,3.0.1,2022-10-14T05:22:38+00:00,1,276.0,0,deprecated,0.7,1,21054739
joi,2.0.0,1.2.3,2013-11-06T08:11:10+00:00,1,0.0,0,deprecated,0.7,1,20880260
joi,4.0.0,3.1.0,2014-04-23T07:33:49+00:00,1,26.0,0,deprecated,0.7,1,20880260
joi,5.0.0,4.9.0,2014-11-30T00:35:36+00:00,1,0.0,0,deprecated,0.7,1,20880260
joi,7.0.0,6.10.1,2015-11-01T23:56:15+00:00,1,24.0,0,deprecated,0.7,1,20880260
joi,8.0.0,7.3.0,2016-02-14T20:57:48+00:00,1,0.0,0,deprecated,0.7,1,20880260
joi,10.0.0,9.2.0,2016-11-17T23:54:02+00:00,1,0.0,0,deprecated,0.7,1,20880260
superagent,2.0.0,1.8.5,2016-05-29T17:57:10+00:00,1,45.0,0,deprecated,0.7,1,20148539
superagent,4.0.0,3.8.3,2018-11-17T15:18:37+00:00,1,39.0,0,deprecated,0.7,1,20148539
superagent,6.0.0,5.3.1,2020-08-08T23:55:44+00:00,1,21.0,0,deprecated,0.7,1,20148539
superagent,7.0.0,6.1.0,2022-01-07T02:32:00+00:00,1,0.0,0,deprecated,0.7,1,20148539
superagent,8.0.0,7.1.6,2022-06-24T05:52:54+00:00,1,97.0,0,deprecated,0.7,1,20148539
superagent,9.0.0,8.1.2,2024-04-23T17:26:06+00:00,1,0.0,0,deprecated,0.7,1,20148539
html-webpack-plugin,1.0.0,0.4.0,2014-08-13T23:15:37+00:00,1,0.0,0,deprecated,0.7,1,15869739
html-webpack-plugin,3.0.0,2.30.1,2018-02-28T21:11:00+00:00,1,0.0,0,deprecated,0.7,1,15869739
nodemailer,1.0.0,0.7.1,2014-07-15T13:17:44+00:00,1,0.0,0,deprecated,0.7,1,15617912
nodemailer,2.0.0,1.11.0,2016-01-11T15:45:39+00:00,1,20.0,0,deprecated,0.7,1,15617912
request,2.0.0,1.9.9,2011-07-21T21:10:38+00:00,1,0.0,0,deprecated,0.7,1,14988766
supertest,1.0.0,0.15.0,2015-05-12T21:23:05+00:00,1,0.0,0,deprecated,0.7,1,14590675
supertest,2.0.0,1.2.0,2016-07-29T14:31:58+00:00,1,82.0,0,deprecated,0.7,1,14590675
supertest,3.0.0,2.0.1,2017-01-30T00:22:45+00:00,1,468.0,0,deprecated,0.7,1,14590675
supertest,5.0.0,4.0.2,2020-09-25T13:29:20+00:00,1,,0,deprecated,0.7,1,14590675
supertest,7.0.0,6.3.4,2024-04-24T15:19:36+00:00,1,330.0,0,deprecated,0.7,1,14590675
connect,1.0.0,0.5.10,2011-03-01T18:28:24+00:00,1,0.0,0,deprecated,0.7,1,14581336
vue,2.0.0,1.0.28-csp,2016-09-30T18:32:13+00:00,1,0.0,0,deprecated,0.7,1,12769918
prisma,2.0.0,1.34.12,2016-06-06T12:36:50+00:00,1,1696.0,0,deprecated,0.7,1,12713171
mongodb,1.0.0,0.9.9,2012-04-26T08:36:37+00:00,1,15.0,0,deprecated,0.7,1,12219603
mongodb,2.0.0,1.4.40,2014-10-07T09:53:52+00:00,1,0.0,0,deprecated,0.7,1,12219603
sinon,1.0.0,0.6.3,2010-12-20T21:03:03+00:00,1,63.0,0,deprecated,0.7,1,11084231
sinon,5.0.0,4.5.0,2018-01-11T12:54:30+00:00,1,108.0,0,deprecated,0.7,1,11084231
sinon,8.0.0,7.5.0,2019-12-22T16:11:55+00:00,1,0.0,0,deprecated,0.7,1,11084231
sinon,9.0.0,8.1.1,2020-02-19T10:45:52+00:00,1,19.0,0,deprecated,0.7,1,11084231
sinon,10.0.0,9.2.4,2021-03-22T16:50:12+00:00,1,16.0,0,deprecated,0.7,1,11084231
fstream,1.0.0,0.1.31,2014-07-31T22:27:19+00:00,1,0.0,0,deprecated,0.7,1,10469744
puppeteer,1.0.0,0.13.0,2018-01-12T03:51:29+00:00,1,35.0,0,deprecated,0.7,1,10268035
puppeteer,2.0.0,1.20.0,2019-10-24T13:20:05+00:00,1,95.0,0,deprecated,0.7,1,10268035
puppeteer,6.0.0,5.5.0,2021-02-02T11:07:25+00:00,1,,0,deprecated,0.7,1,10268035
puppeteer,7.0.0,6.0.0,2021-02-03T15:44:27+00:00,1,0.0,0,deprecated,0.7,1,10268035
puppeteer,8.0.0,7.1.0,2021-02-26T08:36:50+00:00,1,,0,deprecated,0.7,1,10268035
puppeteer,10.0.0,9.1.1,2021-05-31T12:42:27+00:00,1,28.0,0,deprecated,0.7,1,10268035
react-native,1000.0.0,0.87.0-nightly-20260519-58cd1bf58,2024-01-31T22:02:17+00:00,1,,0,deprecated,0.7,1,8515319
fastify,5.0.0-aplha.1,4.29.1,2024-05-07T13:14:37+00:00,1,177.0,0,deprecated,0.7,1,7761780
babel-core,5.0.0,4.7.16,2015-04-02T18:37:39+00:00,1,0.0,0,deprecated,0.7,1,7552548
better-sqlite3,1.0.0,0.10.3,2016-09-13T16:23:36+00:00,1,0.0,0,deprecated,0.7,1,6944194
better-sqlite3,2.0.0,1.4.0,2017-03-01T15:27:34+00:00,1,33.0,0,deprecated,0.7,1,6944194
better-sqlite3,4.0.0,3.3.0,2017-08-29T12:20:08+00:00,1,0.0,0,deprecated,0.7,1,6944194
better-sqlite3,5.0.0,4.2.0,2018-10-09T14:54:53+00:00,1,0.0,0,deprecated,0.7,1,6944194
better-sqlite3,6.0.0,5.4.3,2020-02-24T13:51:15+00:00,1,0.0,0,deprecated,0.7,1,6944194
better-sqlite3,7.0.0,6.0.1,2020-04-25T15:24:32+00:00,1,0.0,0,deprecated,0.7,1,6944194
bootstrap,4.0.0,3.4.1,2018-01-18T18:34:21+00:00,1,80.0,0,deprecated,0.7,1,6334665
bcrypt,3.0.0,2.0.1,2018-07-06T09:55:34+00:00,1,77.0,0,deprecated,0.7,1,5151053
react-dnd,15.0.0,14.0.5,2022-02-04T00:13:52+00:00,1,0.0,0,deprecated,0.7,1,4878026
rollup-plugin-terser,2.0.0,1.0.1,2018-08-30T19:17:28+00:00,1,0.0,0,deprecated,0.7,1,4208760
rollup-plugin-terser,3.0.0,2.0.2,2018-09-16T14:23:46+00:00,1,,0,deprecated,0.7,1,4208760
rollup-plugin-terser,4.0.0,3.0.0,2019-01-01T21:25:00+00:00,1,0.0,0,deprecated,0.7,1,4208760
rollup-plugin-terser,5.0.0,4.0.4,2019-05-21T19:14:07+00:00,1,41.0,0,deprecated,0.7,1,4208760
rollup-plugin-terser,6.0.0,5.3.1,2020-05-23T10:07:40+00:00,1,0.0,0,deprecated,0.7,1,4208760
rollup-plugin-terser,7.0.0,6.1.0,2020-08-09T12:44:33+00:00,1,19.0,0,deprecated,0.7,1,4208760
sequelize,2.0.0-dev1,1.7.11,2014-01-11T13:22:08+00:00,1,395.0,0,deprecated,0.7,1,2974383
sequelize,2.0.0-dev2,1.7.11,2014-01-18T22:09:34+00:00,1,388.0,0,deprecated,0.7,1,2974383
sequelize,2.0.0-dev3,1.7.11,2014-01-30T11:52:36+00:00,1,376.0,0,deprecated,0.7,1,2974383
sequelize,2.0.0-dev4,1.7.11,2014-02-02T13:45:11+00:00,1,373.0,0,deprecated,0.7,1,2974383
sequelize,2.0.0-dev5,1.7.11,2014-02-07T20:23:05+00:00,1,368.0,0,deprecated,0.7,1,2974383
sequelize,2.0.0-dev6,1.7.11,2014-02-12T09:19:49+00:00,1,364.0,0,deprecated,0.7,1,2974383
sequelize,2.0.0-dev7,1.7.11,2014-02-21T17:23:07+00:00,1,354.0,0,deprecated,0.7,1,2974383
sequelize,2.0.0-dev8,1.7.11,2014-02-21T17:39:26+00:00,1,354.0,0,deprecated,0.7,1,2974383
sequelize,2.0.0-dev9,1.7.11,2014-02-25T14:48:20+00:00,1,350.0,0,deprecated,0.7,1,2974383
mobx-react,8.0.0,7.6.0,2023-03-25T10:16:10+00:00,1,,0,deprecated,0.7,1,2935848
react-beautiful-dnd,3.0.0,2.6.4,2017-11-28T04:33:51+00:00,1,,0,deprecated,0.7,1,2334900
react-beautiful-dnd,5.0.0,4.0.1,2018-02-23T00:12:39+00:00,1,,0,deprecated,0.7,1,2334900
react-beautiful-dnd,8.0.0,7.1.3,2018-07-03T07:26:46+00:00,1,0.0,0,deprecated,0.7,1,2334900
electron-builder,24.0.0,23.6.0,2023-03-04T20:02:35+00:00,1,18.0,0,deprecated,0.7,1,2249378
tslint,6.0.0,5.20.1,2020-01-21T19:55:15+00:00,1,49.0,0,deprecated,0.7,1,2135726
react-query,4.0.0,3.39.3,2022-07-18T19:04:40+00:00,1,,0,deprecated,0.7,1,1738988
nuxt,1.0.0-gh-a29eb99,0.10.7,2017-11-24T19:31:32+00:00,1,48.0,0,deprecated,0.7,1,1533230
nuxt,1.0.0-gh-61231bf,0.10.7,2017-11-25T15:19:54+00:00,1,47.0,0,deprecated,0.7,1,1533230
nuxt,1.0.0-gh-d638ca3,0.10.7,2017-11-26T14:07:54+00:00,1,47.0,0,deprecated,0.7,1,1533230
nuxt,1.0.0-gh-6a3e86e,0.10.7,2017-11-26T21:26:04+00:00,1,46.0,0,deprecated,0.7,1,1533230
nuxt,1.0.0-gh-47dfc5c,0.10.7,2017-11-27T07:49:00+00:00,1,46.0,0,deprecated,0.7,1,1533230
nuxt,1.0.0-gh-947f284,0.10.7,2017-11-27T10:22:05+00:00,1,46.0,0,deprecated,0.7,1,1533230
nuxt,1.0.0-gh-5bacd36,0.10.7,2017-11-27T14:47:15+00:00,1,46.0,0,deprecated,0.7,1,1533230
nuxt,1.0.0-gh-b31b0f2,0.10.7,2017-11-27T17:07:52+00:00,1,45.0,0,deprecated,0.7,1,1533230
nuxt,1.0.0-gh-0558ae2,0.10.7,2017-11-28T08:02:27+00:00,1,45.0,0,deprecated,0.7,1,1533230
nuxt,1.0.0-gh-887ebd5,0.10.7,2017-11-28T09:59:36+00:00,1,45.0,0,deprecated,0.7,1,1533230
levelup,2.0.0,1.3.9,2017-10-10T19:33:28+00:00,1,31.0,0,deprecated,0.7,1,1080615
levelup,4.0.0,3.1.1,2018-12-23T13:55:57+00:00,1,97.0,0,deprecated,0.7,1,1080615
levelup,5.0.0,4.4.0,2021-04-17T11:04:28+00:00,1,51.0,0,deprecated,0.7,1,1080615
node-sass,1.0.0,0.9.6,2014-10-16T20:03:11+00:00,1,0.0,0,deprecated,0.7,1,942515
node-sass,2.0.0,1.2.3,2015-02-12T04:04:23+00:00,1,0.0,0,deprecated,0.7,1,942515
node-sass,5.0.0,4.14.1,2020-10-31T13:53:38+00:00,1,,0,deprecated,0.7,1,942515
node-sass,6.0.0,5.0.0,2021-05-08T15:34:55+00:00,1,46.0,0,deprecated,0.7,1,942515
node-sass,7.0.0,6.0.1,2021-12-06T12:11:39+00:00,1,20.0,0,deprecated,0.7,1,942515
node-sass,8.0.0,7.0.3,2022-11-09T10:19:45+00:00,1,,0,deprecated,0.7,1,942515
node-sass,9.0.0,8.0.0,2023-05-20T06:03:42+00:00,1,,0,deprecated,0.7,1,942515
graphql-tools,1.0.0,0.11.0,2017-05-30T17:46:43+00:00,1,29.0,0,deprecated,0.7,1,938892
graphql-tools,2.0.0,1.2.3,2017-10-03T10:13:33+00:00,1,0.0,0,deprecated,0.7,1,938892
graphql-tools,4.0.0,3.1.1,2018-09-19T18:53:38+00:00,1,22.0,0,deprecated,0.7,1,938892
graphql-tools,9.0.0,8.3.20,2023-05-19T10:56:29+00:00,1,280.0,0,deprecated,0.7,1,938892
cuid,3.0.0,2.1.8,2023-01-24T21:33:35+00:00,1,,0,deprecated,0.7,1,810538
apollo-server-express,2.0.0,1.4.0,2018-07-19T19:51:18+00:00,1,25.0,0,deprecated,0.7,1,762104
apollo-server-express,3.0.0-lambda.0,2.26.2,2021-05-13T19:44:49+00:00,1,64.0,0,deprecated,0.7,1,762104
apollo-server-express,3.0.0-html.0,2.26.2,2021-05-25T04:35:25+00:00,1,52.0,0,deprecated,0.7,1,762104
apollo-server-express,3.0.0-html.2,2.26.2,2021-05-25T05:19:54+00:00,1,52.0,0,deprecated,0.7,1,762104
leveldown,1.0.0,0.10.6,2014-08-26T04:33:09+00:00,1,142.0,0,deprecated,0.7,1,636520
leveldown,2.0.0,1.9.0,2017-10-02T12:37:22+00:00,1,39.0,0,deprecated,0.7,1,636520
leveldown,3.0.0,2.1.1,2018-01-30T23:53:29+00:00,1,85.0,0,deprecated,0.7,1,636520
leveldown,6.0.0,5.6.0,2021-04-11T11:31:10+00:00,1,112.0,0,deprecated,0.7,1,636520
csurf,1.0.0,0.1.2,2014-03-05T06:45:35+00:00,1,32.0,0,deprecated,0.7,1,439202
tap,3.0.0,2.3.4,2015-12-30T02:08:35+00:00,1,0.0,0,deprecated,0.7,1,344686
tap,4.0.0,3.1.2,2015-12-31T01:05:07+00:00,1,,0,deprecated,0.7,1,344686
tap,6.0.0,5.8.0,2016-07-01T01:56:41+00:00,1,0.0,0,deprecated,0.7,1,344686
tap,8.0.0,7.1.2,2016-10-25T17:02:00+00:00,1,23.0,0,deprecated,0.7,1,344686
tap,9.0.0,8.0.1,2017-01-08T07:14:26+00:00,1,0.0,0,deprecated,0.7,1,344686
apollo-server,2.0.0,0.3.3,2018-07-19T19:51:46+00:00,1,25.0,0,deprecated,0.7,1,216479
apollo-server,3.0.0-lambda.0,2.26.2,2021-05-13T19:44:54+00:00,1,64.0,0,deprecated,0.7,1,216479
apollo-server,3.0.0-html.0,2.26.2,2021-05-25T04:35:28+00:00,1,52.0,0,deprecated,0.7,1,216479
apollo-server,3.0.0-html.2,2.26.2,2021-05-25T05:19:59+00:00,1,52.0,0,deprecated,0.7,1,216479
hapi,4.0.0,3.1.0,2014-04-08T07:22:12+00:00,1,17.0,0,deprecated,0.7,1,78578
hapi,6.0.0,5.1.0,2014-06-12T04:54:37+00:00,1,0.0,0,deprecated,0.7,1,78578
hapi,8.0.0,7.5.3,2014-12-09T23:09:13+00:00,1,27.0,0,deprecated,0.7,1,78578
hapi,9.0.0,8.8.1,2015-08-12T06:39:22+00:00,1,0.0,0,deprecated,0.7,1,78578
uws,99.0.0,10.148.2,2018-07-26T22:12:29+00:00,1,,0,deprecated,0.7,1,73336
sendgrid,2.0.0,1.9.2,2015-11-24T18:04:32+00:00,1,,0,deprecated,0.7,1,65580
sendgrid,3.0.0,2.0.0,2016-06-14T18:12:43+00:00,1,0.0,0,deprecated,0.7,1,65580
sendgrid,4.0.0,3.0.11,2016-08-02T20:14:14+00:00,1,0.0,0,deprecated,0.7,1,65580
sendgrid,5.0.0,4.10.0,2017-03-31T15:52:02+00:00,1,24.0,0,deprecated,0.7,1,65580
react-testing-library,1.0.0,0.1.0,2018-03-19T14:10:06+00:00,1,0.0,0,deprecated,0.7,1,59084
react-testing-library,3.0.0,2.5.2,2018-05-06T03:33:58+00:00,1,0.0,0,deprecated,0.7,1,59084
react-testing-library,4.0.0,3.1.7,2018-06-19T04:19:43+00:00,1,0.0,0,deprecated,0.7,1,59084
react-testing-library,5.0.0,4.1.9,2018-08-09T18:01:22+00:00,1,25.0,0,deprecated,0.7,1,59084
react-testing-library,6.0.0,5.9.0,2019-02-24T06:28:15+00:00,1,23.0,0,deprecated,0.7,1,59084
react-testing-library,7.0.0,6.1.2,2019-04-25T21:17:45+00:00,1,23.0,0,deprecated,0.7,1,59084
react-testing-library,8.0.0,7.0.1,2019-05-30T17:48:13+00:00,1,0.0,0,deprecated,0.7,1,59084
prebuild,2.0.0,1.3.0,2015-07-26T12:04:00+00:00,1,0.0,0,deprecated,0.7,1,25824
prebuild,3.0.0,2.9.2,2016-02-11T19:35:23+00:00,1,0.0,0,deprecated,0.7,1,25824
prebuild,4.0.0,3.0.3,2016-02-16T17:45:38+00:00,1,0.0,0,deprecated,0.7,1,25824
prebuild,5.0.0,4.5.0,2016-12-05T10:14:39+00:00,1,0.0,0,deprecated,0.7,1,25824
prebuild,6.0.0,5.1.2,2017-01-04T12:40:18+00:00,1,29.0,0,deprecated,0.7,1,25824
prebuild,7.0.0,6.2.2,2017-12-07T20:48:21+00:00,1,39.0,0,deprecated,0.7,1,25824
prebuild,8.0.0,7.6.2,2018-08-28T14:14:07+00:00,1,0.0,0,deprecated,0.7,1,25824
prebuild,9.0.0,8.2.1,2019-06-02T16:58:11+00:00,1,40.0,0,deprecated,0.7,1,25824
prebuild,10.0.0,9.1.1,2020-01-11T12:58:36+00:00,1,220.0,0,deprecated,0.7,1,25824
prebuild,11.0.0,10.0.1,2021-09-16T12:47:11+00:00,1,119.0,0,deprecated,0.7,1,25824
swc,1.0.0,0.6.0,2019-02-08T09:15:47+00:00,1,0.0,0,deprecated,0.7,1,17230
semver,5.0.0,4.3.6,2015-07-11T17:29:40+00:00,0,2.0,1,quick_patch,0.6,1,718498270
semver,7.0.0,6.3.1,2019-12-14T19:36:54+00:00,0,2.0,1,quick_patch,0.6,1,718498270
debug,1.0.0,0.8.1,2014-06-05T03:55:56+00:00,0,1.0,1,quick_patch,0.6,1,611370945
minimatch,5.0.0,4.2.6,2022-02-15T16:50:03+00:00,0,9.0,1,quick_patch,0.6,1,609630883
minimatch,7.0.0,6.2.3,2023-02-20T00:45:53+00:00,0,2.0,1,quick_patch,0.6,1,609630883
ansi-styles,6.0.0,5.2.0,2021-04-16T05:46:35+00:00,0,5.0,1,quick_patch,0.6,1,608235794
supports-color,1.0.0,0.2.0,2014-08-13T16:35:11+00:00,0,6.0,1,quick_patch,0.6,1,444167781
supports-color,4.0.0,3.2.3,2017-06-20T19:22:36+00:00,0,9.0,1,quick_patch,0.6,1,444167781
string-width,4.0.0,3.1.0,2019-03-18T08:23:48+00:00,0,13.0,1,quick_patch,0.6,1,437545853
string-width,8.0.0,7.2.0,2025-08-22T06:09:04+00:00,0,10.0,1,quick_patch,0.6,1,437545853
commander,4.0.0,3.0.2,2019-11-01T10:09:07+00:00,0,9.0,1,quick_patch,0.6,1,412840457
type-fest,1.0.0,0.21.3,2021-03-22T08:15:36+00:00,0,1.0,1,quick_patch,0.6,1,322290405
type-fest,4.0.0,3.13.1,2023-07-16T10:06:35+00:00,0,14.0,1,quick_patch,0.6,1,322290405
type-fest,5.0.0,4.41.0,2025-09-13T09:46:04+00:00,0,5.0,1,quick_patch,0.6,1,322290405
color-convert,3.0.0,2.0.1,2025-02-05T19:01:04+00:00,0,1.0,1,quick_patch,0.6,1,305869026
ajv,1.0.0,0.7.2,2015-08-17T17:23:01+00:00,0,4.0,1,quick_patch,0.6,1,303531908
ajv,4.0.0,3.8.10,2016-04-15T23:01:04+00:00,0,2.0,1,quick_patch,0.6,1,303531908
ajv,5.0.0,4.11.8,2017-04-17T14:42:02+00:00,0,11.0,1,quick_patch,0.6,1,303531908
ajv,6.0.0,5.5.2,2018-01-07T15:32:13+00:00,0,4.0,1,quick_patch,0.6,1,303531908
ajv,7.0.0,6.15.0,2020-12-15T19:12:40+00:00,0,1.0,1,quick_patch,0.6,1,303531908
minipass,3.0.0,2.9.0,2019-09-30T20:16:05+00:00,0,1.0,1,quick_patch,0.6,1,288199115
p-limit,6.0.0,5.0.0,2024-07-04T11:55:53+00:00,0,4.0,1,quick_patch,0.6,1,270110362
p-limit,7.0.0,6.2.0,2025-08-14T20:51:04+00:00,0,4.0,1,quick_patch,0.6,1,270110362
entities,3.0.0,2.2.0,2021-08-07T22:15:41+00:00,0,1.0,1,quick_patch,0.6,1,243236837
js-yaml,1.0.0,0.3.7,2012-07-01T15:02:00+00:00,0,5.0,1,quick_patch,0.6,1,230893236
js-yaml,3.0.0,2.1.3,2013-12-16T08:35:24+00:00,0,6.0,1,quick_patch,0.6,1,230893236
postcss,2.0.0,1.0.0,2014-07-23T06:50:36+00:00,0,4.0,1,quick_patch,0.6,1,227321486
postcss,3.0.0,2.2.6,2014-11-11T22:14:20+00:00,0,1.0,1,quick_patch,0.6,1,227321486
postcss,4.0.0,3.0.7,2014-12-30T12:41:08+00:00,0,12.0,1,quick_patch,0.6,1,227321486
postcss,5.0.0,4.1.16,2015-08-19T19:11:47+00:00,0,1.0,1,quick_patch,0.6,1,227321486
postcss,7.0.0,6.0.23,2018-07-16T19:03:37+00:00,0,3.0,1,quick_patch,0.6,1,227321486
ws,1.0.0,0.8.1,2015-12-30T16:35:14+00:00,0,4.0,1,quick_patch,0.6,1,222512324
ws,2.0.0,1.1.5,2017-01-30T11:57:46+00:00,0,1.0,1,quick_patch,0.6,1,222512324
ws,5.0.0,4.1.0,2018-03-06T14:34:11+00:00,0,13.0,1,quick_patch,0.6,1,222512324
ws,8.0.0,7.5.10,2021-07-28T18:13:36+00:00,0,14.0,1,quick_patch,0.6,1,222512324
cross-spawn,5.0.0,4.0.2,2016-10-30T16:32:25+00:00,0,5.0,1,quick_patch,0.6,1,204198982
mime-types,2.0.0,1.0.2,2014-09-02T08:32:26+00:00,0,5.0,1,quick_patch,0.6,1,203511891
typescript,2.0.0-dev.20160628,1.9.0-dev.20160627-1.0,2016-06-28T06:08:41+00:00,0,14.0,1,quick_patch,0.6,1,203106005
typescript,2.0.0-dev.20160629,1.9.0-dev.20160627-1.0,2016-06-29T06:08:48+00:00,0,13.0,1,quick_patch,0.6,1,203106005
typescript,2.0.0-dev.20160630,1.9.0-dev.20160627-1.0,2016-06-30T06:08:41+00:00,0,12.0,1,quick_patch,0.6,1,203106005
typescript,2.0.0-dev.20160701,1.9.0-dev.20160627-1.0,2016-07-01T06:09:10+00:00,0,10.0,1,quick_patch,0.6,1,203106005
typescript,2.0.0-dev.20160702,1.9.0-dev.20160627-1.0,2016-07-02T06:08:50+00:00,0,10.0,1,quick_patch,0.6,1,203106005
typescript,2.0.0-dev.20160703,1.9.0-dev.20160627-1.0,2016-07-03T06:08:37+00:00,0,9.0,1,quick_patch,0.6,1,203106005
typescript,2.0.0-dev.20160704,1.9.0-dev.20160627-1.0,2016-07-04T06:08:38+00:00,0,8.0,1,quick_patch,0.6,1,203106005
typescript,2.0.0-dev.20160705,1.9.0-dev.20160627-1.0,2016-07-05T06:08:49+00:00,0,7.0,1,quick_patch,0.6,1,203106005
typescript,2.0.0-dev.20160706,1.9.0-dev.20160627-1.0,2016-07-06T06:09:44+00:00,0,5.0,1,quick_patch,0.6,1,203106005
typescript,2.0.0-dev.20160707,1.9.0-dev.20160627-1.0,2016-07-07T06:09:22+00:00,0,4.0,1,quick_patch,0.6,1,203106005
yargs,6.0.0,5.0.0,2016-09-30T16:26:10+00:00,0,14.0,1,quick_patch,0.6,1,193866313
yargs,7.0.0,6.6.1-candidate.4,2017-02-26T16:02:52+00:00,0,5.0,1,quick_patch,0.6,1,193866313
yargs,8.0.0-candidate.1,7.1.2,2017-05-01T01:03:30+00:00,0,1.0,1,quick_patch,0.6,1,193866313
yargs,8.0.0,7.1.2,2017-05-01T06:29:08+00:00,0,1.0,1,quick_patch,0.6,1,193866313
yargs,9.0.0,8.0.2,2017-09-03T21:48:47+00:00,0,14.0,1,quick_patch,0.6,1,193866313
yargs,12.0.0,11.1.1,2018-06-26T05:24:52+00:00,0,3.0,1,quick_patch,0.6,1,193866313
yargs,13.0.0-candidate.0,12.0.5,2019-02-02T22:28:05+00:00,0,9.0,1,quick_patch,0.6,1,193866313
yargs,15.0.0,14.2.3,2019-11-10T02:10:47+00:00,0,6.0,1,quick_patch,0.6,1,193866313
yargs,17.0.0-candidate.13,16.2.0,2021-04-26T02:28:04+00:00,0,7.0,1,quick_patch,0.6,1,193866313
yargs,17.0.0,16.2.0,2021-05-02T19:02:58+00:00,0,1.0,1,quick_patch,0.6,1,193866313
https-proxy-agent,6.0.0,5.0.1,2023-05-04T20:33:19+00:00,0,1.0,1,quick_patch,0.6,1,192439205
fs-extra,3.0.0,2.1.2,2017-04-27T19:12:47+00:00,0,7.0,1,quick_patch,0.6,1,186071310
fs-extra,6.0.0,5.0.0,2018-05-01T13:34:04+00:00,0,8.0,1,quick_patch,0.6,1,186071310
fs-extra,8.0.0,7.0.1,2019-05-11T14:43:21+00:00,0,2.0,1,quick_patch,0.6,1,186071310
fs-extra,11.0.0,10.1.0,2022-11-28T19:13:59+00:00,0,1.0,1,quick_patch,0.6,1,186071310
cliui,2.0.0,1.4.0,2015-04-22T22:00:16+00:00,0,2.0,1,quick_patch,0.6,1,184861918
cliui,3.0.0,2.1.0,2015-10-13T05:48:49+00:00,0,2.0,1,quick_patch,0.6,1,184861918
nanoid,1.0.0,0.2.2,2017-10-22T18:11:40+00:00,0,7.0,1,quick_patch,0.6,1,183386391
nanoid,3.0.0,2.1.11,2020-03-26T22:35:28+00:00,0,1.0,1,quick_patch,0.6,1,183386391
chokidar,1.0.0,0.12.6,2015-04-07T16:35:44+00:00,0,1.0,1,quick_patch,0.6,1,178019382
chokidar,4.0.0,3.6.0,2024-09-13T00:30:16+00:00,0,9.0,1,quick_patch,0.6,1,178019382
zod,3.0.0,1.11.17,2021-05-17T15:55:15+00:00,0,3.0,1,quick_patch,0.6,1,176160924
get-stream,8.0.0,7.0.1,2023-08-16T10:51:34+00:00,0,1.0,1,quick_patch,0.6,1,172775731
get-stream,9.0.0,8.0.1,2024-03-15T07:36:05+00:00,0,1.0,1,quick_patch,0.6,1,172775731
camelcase,2.0.0,1.2.1,2015-11-15T12:49:16+00:00,0,2.0,1,quick_patch,0.6,1,154639640
form-data,2.0.0,1.0.1,2016-09-17T06:10:17+00:00,0,8.0,1,quick_patch,0.6,1,154457681
lodash,2.0.0,1.3.1,2013-09-14T04:22:28+00:00,0,9.0,1,quick_patch,0.6,1,153715606
lodash,3.0.0,2.4.2,2015-01-26T15:09:31+00:00,0,3.0,1,quick_patch,0.6,1,153715606
lodash,4.0.0,3.10.1,2016-01-12T23:13:20+00:00,0,12.0,1,quick_patch,0.6,1,153715606
yaml,2.0.0,1.10.3,2022-04-06T08:47:16+00:00,0,9.0,1,quick_patch,0.6,1,151525992
@typescript-eslint/typescript-estree,1.0.0,0.2.1,2019-01-20T22:49:43+00:00,0,2.0,1,quick_patch,0.6,1,150585375
@typescript-eslint/typescript-estree,3.0.0,2.34.0,2020-05-21T17:49:46+00:00,0,3.0,1,quick_patch,0.6,1,150585375
@typescript-eslint/typescript-estree,5.0.0,4.33.0,2021-10-11T18:10:07+00:00,0,6.0,1,quick_patch,0.6,1,150585375
@typescript-eslint/typescript-estree,6.0.0,5.62.0,2023-07-10T17:59:35+00:00,0,6.0,1,quick_patch,0.6,1,150585375
@typescript-eslint/typescript-estree,8.0.0,7.18.0,2024-07-31T18:00:25+00:00,0,4.0,1,quick_patch,0.6,1,150585375
@babel/core,7.0.0,6.0.0-bridge.1,2018-08-27T21:45:05+00:00,0,14.0,1,quick_patch,0.6,1,141304128
rimraf,6.0.0,5.0.10,2024-07-08T22:21:17+00:00,0,1.0,1,quick_patch,0.6,1,139337814
execa,3.0.0,2.1.0,2019-10-14T14:08:16+00:00,0,1.0,1,quick_patch,0.6,1,136885395
dotenv,9.0.0,8.6.0,2021-05-05T17:15:14+00:00,0,3.0,1,quick_patch,0.6,1,135532044
dotenv,15.0.0,14.3.2,2022-01-31T05:06:16+00:00,0,2.0,1,quick_patch,0.6,1,135532044
dotenv,17.0.0,16.6.1,2025-06-27T20:37:08+00:00,0,3.0,1,quick_patch,0.6,1,135532044
react,17.0.0,16.14.0,2020-10-20T20:11:47+00:00,0,1.0,1,quick_patch,0.6,1,134168087
eslint,9.0.0,8.57.1,2024-04-05T20:53:31+00:00,0,14.0,1,quick_patch,0.6,1,132905621
eslint,10.0.0,9.39.4,2026-02-06T22:30:47+00:00,0,13.0,1,quick_patch,0.6,1,132905621
vite,3.0.0,2.9.18,2022-07-13T11:55:20+00:00,0,4.0,1,quick_patch,0.6,1,129314650
vite,4.0.0,3.2.11,2022-12-09T09:04:44+00:00,0,3.0,1,quick_patch,0.6,1,129314650
vite,5.0.0,4.5.14,2023-11-16T10:18:56+00:00,0,5.0,1,quick_patch,0.6,1,129314650
vite,7.0.0,6.4.2,2025-06-24T09:18:05+00:00,0,9.0,1,quick_patch,0.6,1,129314650
vite,8.0.0,7.3.3,2026-03-12T13:59:00+00:00,0,6.0,1,quick_patch,0.6,1,129314650
mkdirp,3.0.0,2.1.6,2023-04-09T22:02:16+00:00,0,14.0,1,quick_patch,0.6,1,127237936
react-dom,17.0.0,16.14.0,2020-10-20T20:12:22+00:00,0,1.0,1,quick_patch,0.6,1,126336192
parse5,2.0.0,1.5.1,2015-12-07T13:40:01+00:00,0,3.0,1,quick_patch,0.6,1,125372455
parse5,3.0.0,2.2.3,2016-12-05T14:53:02+00:00,0,10.0,1,quick_patch,0.6,1,125372455
http-proxy-agent,6.0.0,5.0.0,2023-05-04T20:33:19+00:00,0,1.0,1,quick_patch,0.6,1,125301016
rollup,1.0.0,0.68.2,2018-12-28T20:45:00+00:00,0,5.0,1,quick_patch,0.6,1,121000722
@typescript-eslint/parser,1.0.0,0.2.1,2019-01-20T22:49:46+00:00,0,2.0,1,quick_patch,0.6,1,119838455
@typescript-eslint/parser,3.0.0,2.34.0,2020-05-21T17:50:01+00:00,0,3.0,1,quick_patch,0.6,1,119838455
@typescript-eslint/parser,5.0.0,4.33.0,2021-10-11T18:10:14+00:00,0,6.0,1,quick_patch,0.6,1,119838455
@typescript-eslint/parser,6.0.0,5.62.0,2023-07-10T17:59:57+00:00,0,6.0,1,quick_patch,0.6,1,119838455
@typescript-eslint/parser,8.0.0,7.18.0,2024-07-31T18:00:37+00:00,0,4.0,1,quick_patch,0.6,1,119838455
@typescript-eslint/eslint-plugin,1.0.0,0.2.1,2019-01-20T22:49:50+00:00,0,2.0,1,quick_patch,0.6,1,115367129
@typescript-eslint/eslint-plugin,3.0.0,2.34.0,2020-05-21T17:50:02+00:00,0,3.0,1,quick_patch,0.6,1,115367129
@typescript-eslint/eslint-plugin,5.0.0,4.33.0,2021-10-11T18:10:23+00:00,0,6.0,1,quick_patch,0.6,1,115367129
@typescript-eslint/eslint-plugin,6.0.0,5.62.0,2023-07-10T18:00:23+00:00,0,6.0,1,quick_patch,0.6,1,115367129
@typescript-eslint/eslint-plugin,8.0.0,7.18.0,2024-07-31T18:00:48+00:00,0,4.0,1,quick_patch,0.6,1,115367129
cosmiconfig,1.0.0,0.5.0,2015-11-18T02:48:57+00:00,0,9.0,1,quick_patch,0.6,1,112922404
cosmiconfig,2.0.0,1.1.0,2016-10-08T14:31:10+00:00,0,3.0,1,quick_patch,0.6,1,112922404
cosmiconfig,3.0.0,2.2.2,2017-09-16T01:33:56+00:00,0,1.0,1,quick_patch,0.6,1,112922404
tailwindcss,3.0.0,2.2.19,2021-12-09T16:27:08+00:00,0,1.0,1,quick_patch,0.6,1,110736414
tailwindcss,4.0.0,3.4.19,2025-01-21T21:06:55+00:00,0,7.0,1,quick_patch,0.6,1,110736414
undici,1.0.0,0.5.0,2020-06-04T16:26:35+00:00,0,2.0,1,quick_patch,0.6,1,108886808
undici,2.0.0,1.3.1,2020-09-05T15:28:16+00:00,0,6.0,1,quick_patch,0.6,1,108886808
undici,4.0.0,3.3.6,2021-06-16T08:27:16+00:00,0,13.0,1,quick_patch,0.6,1,108886808
undici,7.0.0,6.25.0,2024-11-27T14:30:27+00:00,0,6.0,1,quick_patch,0.6,1,108886808
axios,1.0.0,0.32.0,2022-10-04T19:24:14+00:00,0,1.0,1,quick_patch,0.6,1,107445524
jest-worker,23.0.0-charlie.2,22.4.3,2018-05-15T09:51:25+00:00,0,12.0,1,quick_patch,0.6,1,105066980
jest-worker,23.0.0-charlie.3,22.4.3,2018-05-22T14:58:59+00:00,0,5.0,1,quick_patch,0.6,1,105066980
jest-worker,23.0.0-charlie.4,22.4.3,2018-05-23T10:42:17+00:00,0,4.0,1,quick_patch,0.6,1,105066980
jest-worker,23.0.0,22.4.3,2018-05-24T17:26:25+00:00,0,2.0,1,quick_patch,0.6,1,105066980
jest-worker,29.0.0,28.1.3,2022-08-25T12:33:31+00:00,0,1.0,1,quick_patch,0.6,1,105066980
jest-worker,30.0.0,29.7.0,2025-06-10T02:15:53+00:00,0,8.0,1,quick_patch,0.6,1,105066980
slice-ansi,7.0.0,6.0.0,2023-10-28T16:29:11+00:00,0,1.0,1,quick_patch,0.6,1,99993158
follow-redirects,1.0.0,0.3.0,2016-10-23T16:09:54+00:00,0,14.0,1,quick_patch,0.6,1,92375899
async,1.0.0,0.9.2,2015-05-20T23:40:05+00:00,0,11.0,1,quick_patch,0.6,1,90906140
async,2.0.0,1.5.2,2016-07-13T00:23:10+00:00,0,9.0,1,quick_patch,0.6,1,90906140
async,3.0.0,2.6.4,2019-05-20T02:27:54+00:00,0,6.0,1,quick_patch,0.6,1,90906140
ajv-formats,2.0.0,1.6.1,2021-03-27T09:53:53+00:00,0,1.0,1,quick_patch,0.6,1,90710518
rxjs,6.0.0,5.6.0-forward-compat.5,2018-04-24T23:14:32+00:00,0,8.0,1,quick_patch,0.6,1,87995984
rxjs,7.0.0,6.6.7,2021-04-29T18:50:15+00:00,0,12.0,1,quick_patch,0.6,1,87995984
date-fns,1.0.0,0.17.0,2016-05-18T16:04:20+00:00,0,1.0,1,quick_patch,0.6,1,86393884
date-fns,2.0.0,1.30.1,2019-08-20T13:15:55+00:00,0,3.0,1,quick_patch,0.6,1,86393884
date-fns,3.0.0,2.30.0,2023-12-18T10:35:28+00:00,0,1.0,1,quick_patch,0.6,1,86393884
date-fns,4.0.0,3.6.0,2024-09-16T02:24:52+00:00,0,1.0,1,quick_patch,0.6,1,86393884
htmlparser2,2.0.0,1.5.0,2011-11-27T14:02:55+00:00,0,12.0,1,quick_patch,0.6,1,86108447
htmlparser2,3.0.0,2.6.0,2013-03-31T20:34:43+00:00,0,3.0,1,quick_patch,0.6,1,86108447
htmlparser2,7.0.0,6.1.0,2021-08-20T19:59:23+00:00,0,7.0,1,quick_patch,0.6,1,86108447
htmlparser2,8.0.0,7.2.0,2022-04-23T11:44:39+00:00,0,6.0,1,quick_patch,0.6,1,86108447
eslint-plugin-react-hooks,4.0.0,3.0.0,2020-05-01T16:16:55+00:00,0,11.0,1,quick_patch,0.6,1,82168492
ajv-keywords,1.0.0,0.2.0,2016-09-14T23:05:08+00:00,0,6.0,1,quick_patch,0.6,1,79806587
minizlib,2.0.0,1.3.3,2019-09-30T20:18:03+00:00,0,4.0,1,quick_patch,0.6,1,75939518
chai,1.0.0,0.5.3,2012-05-15T18:36:40+00:00,0,2.0,1,quick_patch,0.6,1,75417340
chai,2.0.0,1.10.0,2015-02-11T17:37:17+00:00,0,12.0,1,quick_patch,0.6,1,75417340
chai,4.0.0,3.5.0,2017-05-26T10:31:36+00:00,0,5.0,1,quick_patch,0.6,1,75417340
jsdom,1.0.0,0.11.1,2014-09-28T06:27:58+00:00,0,4.0,1,quick_patch,0.6,1,72039772
jsdom,3.0.0,2.0.0,2015-01-18T00:31:21+00:00,0,2.0,1,quick_patch,0.6,1,72039772
jsdom,4.0.0,3.1.2,2015-02-22T22:23:07+00:00,0,1.0,1,quick_patch,0.6,1,72039772
jsdom,6.0.0,5.6.1,2015-08-05T22:21:21+00:00,0,2.0,1,quick_patch,0.6,1,72039772
jsdom,9.0.0,8.5.0,2016-05-06T21:17:43+00:00,0,8.0,1,quick_patch,0.6,1,72039772
jsdom,10.0.0,9.12.0,2017-04-24T05:55:29+00:00,0,6.0,1,quick_patch,0.6,1,72039772
jsdom,16.0.0,15.2.1,2020-01-13T16:59:10+00:00,0,6.0,1,quick_patch,0.6,1,72039772
jsdom,21.0.0,20.0.3,2023-01-07T14:04:09+00:00,0,14.0,1,quick_patch,0.6,1,72039772
jsdom,23.0.0,22.1.0,2023-11-26T15:03:01+00:00,0,3.0,1,quick_patch,0.6,1,72039772
jsdom,28.0.0,27.4.0,2026-02-02T06:53:10+00:00,0,12.0,1,quick_patch,0.6,1,72039772
jest-diff,17.0.0,16.0.0,2016-11-08T14:12:23+00:00,0,5.0,1,quick_patch,0.6,1,70904464
jest-diff,18.0.0,17.0.3,2016-12-15T11:24:26+00:00,0,13.0,1,quick_patch,0.6,1,70904464
jest-diff,20.0.0,19.0.0,2017-05-06T12:33:09+00:00,0,4.0,1,quick_patch,0.6,1,70904464
jest-diff,21.0.0,20.1.0-echo.1,2017-09-04T15:01:59+00:00,0,3.0,1,quick_patch,0.6,1,70904464
jest-diff,23.0.0-charlie.2,22.4.3,2018-05-15T09:51:38+00:00,0,12.0,1,quick_patch,0.6,1,70904464
jest-diff,23.0.0-charlie.3,22.4.3,2018-05-22T14:59:10+00:00,0,5.0,1,quick_patch,0.6,1,70904464
jest-diff,23.0.0-charlie.4,22.4.3,2018-05-23T10:42:34+00:00,0,4.0,1,quick_patch,0.6,1,70904464
jest-diff,23.0.0,22.4.3,2018-05-24T17:26:35+00:00,0,2.0,1,quick_patch,0.6,1,70904464
jest-diff,29.0.0,28.1.3,2022-08-25T12:33:28+00:00,0,1.0,1,quick_patch,0.6,1,70904464
jest-diff,30.0.0,29.7.0,2025-06-10T02:15:50+00:00,0,8.0,1,quick_patch,0.6,1,70904464
ora,1.0.0,0.4.1,2017-01-17T10:03:06+00:00,0,2.0,1,quick_patch,0.6,1,69898396
ora,7.0.0,6.3.1,2023-07-28T18:40:08+00:00,0,3.0,1,quick_patch,0.6,1,69898396
jest-matcher-utils,17.0.0,16.0.0,2016-11-08T14:12:30+00:00,0,5.0,1,quick_patch,0.6,1,65736326
jest-matcher-utils,18.0.0,17.0.3,2016-12-15T11:24:31+00:00,0,13.0,1,quick_patch,0.6,1,65736326
jest-matcher-utils,20.0.0,19.0.0,2017-05-06T12:33:02+00:00,0,4.0,1,quick_patch,0.6,1,65736326
jest-matcher-utils,21.0.0,20.1.0-echo.1,2017-09-04T15:01:59+00:00,0,3.0,1,quick_patch,0.6,1,65736326
jest-matcher-utils,23.0.0-charlie.2,22.4.3,2018-05-15T09:51:47+00:00,0,12.0,1,quick_patch,0.6,1,65736326
jest-matcher-utils,23.0.0-charlie.3,22.4.3,2018-05-22T14:59:26+00:00,0,5.0,1,quick_patch,0.6,1,65736326
jest-matcher-utils,23.0.0-charlie.4,22.4.3,2018-05-23T10:42:40+00:00,0,4.0,1,quick_patch,0.6,1,65736326
jest-matcher-utils,23.0.0,22.4.3,2018-05-24T17:26:39+00:00,0,2.0,1,quick_patch,0.6,1,65736326
jest-matcher-utils,29.0.0,28.1.3,2022-08-25T12:33:28+00:00,0,1.0,1,quick_patch,0.6,1,65736326
jest-matcher-utils,30.0.0,29.7.0,2025-06-10T02:15:52+00:00,0,8.0,1,quick_patch,0.6,1,65736326
jest-mock,11.0.0,10.0.2,2016-04-12T07:55:01+00:00,0,2.0,1,quick_patch,0.6,1,64667850
jest-mock,13.0.0,12.1.0,2016-06-22T20:18:23+00:00,0,13.0,1,quick_patch,0.6,1,64667850
jest-mock,17.0.0,16.0.2,2016-11-08T14:12:29+00:00,0,6.0,1,quick_patch,0.6,1,64667850
jest-mock,20.0.0,19.0.0,2017-05-06T12:32:32+00:00,0,4.0,1,quick_patch,0.6,1,64667850
jest-mock,21.0.0,20.1.0-echo.1,2017-09-04T15:01:52+00:00,0,3.0,1,quick_patch,0.6,1,64667850
jest-mock,23.0.0-charlie.2,22.4.3,2018-05-15T09:51:15+00:00,0,12.0,1,quick_patch,0.6,1,64667850
jest-mock,23.0.0-charlie.3,22.4.3,2018-05-22T14:58:50+00:00,0,5.0,1,quick_patch,0.6,1,64667850
jest-mock,23.0.0-charlie.4,22.4.3,2018-05-23T10:42:06+00:00,0,4.0,1,quick_patch,0.6,1,64667850
jest-mock,23.0.0,22.4.3,2018-05-24T17:26:14+00:00,0,2.0,1,quick_patch,0.6,1,64667850
jest-mock,29.0.0,28.1.3,2022-08-25T12:33:26+00:00,0,1.0,1,quick_patch,0.6,1,64667850
autoprefixer,2.0.0,1.3.1,2014-06-24T06:34:45+00:00,0,3.0,1,quick_patch,0.6,1,64302285
autoprefixer,6.0.0,5.2.0,2015-09-04T15:13:01+00:00,0,1.0,1,quick_patch,0.6,1,64302285
autoprefixer,7.0.0,6.7.7,2017-05-06T14:17:41+00:00,0,1.0,1,quick_patch,0.6,1,64302285
autoprefixer,9.0.0,8.6.5,2018-07-16T22:05:00+00:00,0,4.0,1,quick_patch,0.6,1,64302285
autoprefixer,10.0.0,9.8.8,2020-09-15T18:56:55+00:00,0,11.0,1,quick_patch,0.6,1,64302285
tsx,4.0.0,3.14.0,2023-11-09T07:51:40+00:00,0,1.0,1,quick_patch,0.6,1,60652327
decamelize,3.0.0,2.0.0,2019-03-06T16:08:07+00:00,0,14.0,1,quick_patch,0.6,1,57918847
eslint-config-prettier,2.0.0,1.7.0,2017-05-07T10:14:04+00:00,0,6.0,1,quick_patch,0.6,1,56677772
eslint-config-prettier,5.0.0,4.3.0,2019-06-15T08:54:07+00:00,0,9.0,1,quick_patch,0.6,1,56677772
eslint-config-prettier,7.0.0,6.15.0,2020-12-05T21:49:35+00:00,0,13.0,1,quick_patch,0.6,1,56677772
eslint-config-prettier,8.0.0,7.2.0,2021-02-21T10:52:34+00:00,0,3.0,1,quick_patch,0.6,1,56677772
cors,2.0.0,1.0.1,2013-10-10T01:45:20+00:00,0,4.0,1,quick_patch,0.6,1,56215568
@tanstack/react-query,5.0.0,4.44.0,2023-10-17T12:24:22+00:00,0,5.0,1,quick_patch,0.6,1,55561472
react-hook-form,3.0.0,2.1.18,2019-04-21T10:53:56+00:00,0,1.0,1,quick_patch,0.6,1,53873789
react-hook-form,6.0.0,5.7.2,2020-07-01T07:23:31+00:00,0,2.0,1,quick_patch,0.6,1,53873789
react-hook-form,7.0.0,6.15.8,2021-04-02T07:03:04+00:00,0,3.0,1,quick_patch,0.6,1,53873789
jest-validate,19.0.0,18.2.0,2017-02-21T09:30:31+00:00,0,2.0,1,quick_patch,0.6,1,51846944
jest-validate,20.0.0,19.0.2,2017-05-06T12:33:08+00:00,0,4.0,1,quick_patch,0.6,1,51846944
jest-validate,21.0.0,20.1.0-echo.1,2017-09-04T15:02:04+00:00,0,3.0,1,quick_patch,0.6,1,51846944
jest-validate,23.0.0-charlie.2,22.4.4,2018-05-15T09:51:47+00:00,0,12.0,1,quick_patch,0.6,1,51846944
jest-validate,23.0.0-charlie.3,22.4.4,2018-05-22T14:59:30+00:00,0,5.0,1,quick_patch,0.6,1,51846944
jest-validate,23.0.0-charlie.4,22.4.4,2018-05-23T10:42:40+00:00,0,4.0,1,quick_patch,0.6,1,51846944
jest-validate,23.0.0,22.4.4,2018-05-24T17:26:44+00:00,0,2.0,1,quick_patch,0.6,1,51846944
jest-validate,29.0.0,28.1.3,2022-08-25T12:33:30+00:00,0,1.0,1,quick_patch,0.6,1,51846944
jest-validate,30.0.0,29.7.0,2025-06-10T02:15:50+00:00,0,8.0,1,quick_patch,0.6,1,51846944
ssri,4.0.0,3.0.2,2017-04-03T10:37:12+00:00,0,4.0,1,quick_patch,0.6,1,51603284
ssri,7.0.0,6.0.2,2019-09-18T18:35:08+00:00,0,12.0,1,quick_patch,0.6,1,51603284
babel-jest,6.0.0,5.3.0,2015-11-07T00:47:22+00:00,0,1.0,1,quick_patch,0.6,1,50415174
babel-jest,9.0.0,6.0.1,2016-03-05T00:36:35+00:00,0,1.0,1,quick_patch,0.6,1,50415174
babel-jest,11.0.0,10.0.2,2016-04-12T07:56:29+00:00,0,2.0,1,quick_patch,0.6,1,50415174
babel-jest,13.0.0,12.1.0,2016-06-22T20:18:19+00:00,0,14.0,1,quick_patch,0.6,1,50415174
babel-jest,14.0.0,13.2.2,2016-07-27T09:14:37+00:00,0,2.0,1,quick_patch,0.6,1,50415174
babel-jest,17.0.0,16.0.0,2016-11-08T14:12:23+00:00,0,6.0,1,quick_patch,0.6,1,50415174
babel-jest,20.0.0,19.0.0,2017-05-06T12:33:07+00:00,0,4.0,1,quick_patch,0.6,1,50415174
babel-jest,21.0.0,20.1.0-echo.1,2017-09-04T15:02:08+00:00,0,3.0,1,quick_patch,0.6,1,50415174
babel-jest,23.0.0-charlie.2,22.4.4,2018-05-15T09:51:58+00:00,0,12.0,1,quick_patch,0.6,1,50415174
babel-jest,23.0.0-charlie.3,22.4.4,2018-05-22T14:59:55+00:00,0,5.0,1,quick_patch,0.6,1,50415174
react-router,6.0.0,5.3.4,2021-11-03T20:17:10+00:00,0,2.0,1,quick_patch,0.6,1,49734283
jest-environment-node,11.0.0,10.0.2,2016-04-12T07:55:47+00:00,0,2.0,1,quick_patch,0.6,1,49069299
jest-environment-node,13.0.0,12.1.0,2016-06-22T20:18:23+00:00,0,12.0,1,quick_patch,0.6,1,49069299
jest-environment-node,17.0.0,16.0.2,2016-11-08T14:12:26+00:00,0,6.0,1,quick_patch,0.6,1,49069299
jest-environment-node,18.0.0,17.0.2,2016-12-15T11:24:28+00:00,0,13.0,1,quick_patch,0.6,1,49069299
jest-environment-node,19.0.0,18.1.0,2017-02-21T09:30:18+00:00,0,1.0,1,quick_patch,0.6,1,49069299
jest-environment-node,20.0.0,19.0.2,2017-05-06T12:33:16+00:00,0,4.0,1,quick_patch,0.6,1,49069299
jest-environment-node,21.0.0,20.1.0-echo.1,2017-09-04T15:02:13+00:00,0,3.0,1,quick_patch,0.6,1,49069299
jest-environment-node,23.0.0-charlie.2,22.4.3,2018-05-15T09:51:57+00:00,0,12.0,1,quick_patch,0.6,1,49069299
jest-environment-node,23.0.0-charlie.3,22.4.3,2018-05-22T14:59:55+00:00,0,5.0,1,quick_patch,0.6,1,49069299
jest-environment-node,23.0.0-charlie.4,22.4.3,2018-05-23T10:42:46+00:00,0,4.0,1,quick_patch,0.6,1,49069299
eslint-plugin-import,2.0.0,1.16.0,2016-09-29T11:52:04+00:00,0,12.0,1,quick_patch,0.6,1,48824295
cacache,11.0.0,10.0.4,2018-04-09T00:38:06+00:00,0,1.0,1,quick_patch,0.6,1,48543695
cacache,12.0.0,11.3.3,2019-07-15T23:29:07+00:00,0,3.0,1,quick_patch,0.6,1,48543695
cacache,13.0.0,12.0.4,2019-09-25T19:03:36+00:00,0,5.0,1,quick_patch,0.6,1,48543695
cacache,16.0.0,15.3.0,2022-03-14T20:20:19+00:00,0,1.0,1,quick_patch,0.6,1,48543695
cacache,17.0.0,16.1.3,2022-10-13T18:42:32+00:00,0,4.0,1,quick_patch,0.6,1,48543695
cacache,19.0.0,18.0.4,2024-09-26T16:30:39+00:00,0,1.0,1,quick_patch,0.6,1,48543695
immer,1.0.0,0.8.5,2018-01-31T16:22:17+00:00,0,2.0,1,quick_patch,0.6,1,48472585
immer,6.0.0,5.3.6,2020-03-03T19:39:10+00:00,0,1.0,1,quick_patch,0.6,1,48472585
immer,7.0.0,6.0.9,2020-06-10T20:32:02+00:00,0,1.0,1,quick_patch,0.6,1,48472585
immer,9.0.0,8.0.4,2021-03-19T21:16:22+00:00,0,1.0,1,quick_patch,0.6,1,48472585
immer,11.0.0,10.2.0,2025-11-23T10:01:06+00:00,0,4.0,1,quick_patch,0.6,1,48472585
@testing-library/jest-dom,5.0.0,4.2.4,2020-01-17T00:03:34+00:00,0,5.0,1,quick_patch,0.6,1,48289905
@testing-library/jest-dom,6.0.0,5.17.0,2023-08-13T16:32:06+00:00,0,4.0,1,quick_patch,0.6,1,48289905
jest-resolve,13.0.0,12.1.1,2016-06-22T20:18:27+00:00,0,13.0,1,quick_patch,0.6,1,48041383
jest-resolve,14.0.0,13.2.2,2016-07-27T09:15:01+00:00,0,5.0,1,quick_patch,0.6,1,48041383
jest-resolve,17.0.0,16.0.2,2016-11-08T14:12:31+00:00,0,5.0,1,quick_patch,0.6,1,48041383
jest-resolve,18.0.0,17.0.3,2016-12-15T11:24:34+00:00,0,13.0,1,quick_patch,0.6,1,48041383
jest-resolve,19.0.0,18.1.0,2017-02-21T09:30:27+00:00,0,2.0,1,quick_patch,0.6,1,48041383
jest-resolve,20.0.0,19.0.2,2017-05-06T12:32:33+00:00,0,4.0,1,quick_patch,0.6,1,48041383
jest-resolve,21.0.0,20.1.0-echo.1,2017-09-04T15:01:51+00:00,0,3.0,1,quick_patch,0.6,1,48041383
jest-resolve,23.0.0-charlie.2,22.4.3,2018-05-15T09:51:20+00:00,0,12.0,1,quick_patch,0.6,1,48041383
jest-resolve,23.0.0-charlie.3,22.4.3,2018-05-22T14:58:57+00:00,0,5.0,1,quick_patch,0.6,1,48041383
jest-resolve,23.0.0-charlie.4,22.4.3,2018-05-23T10:42:26+00:00,0,4.0,1,quick_patch,0.6,1,48041383
file-type,3.0.0,2.12.0,2015-10-11T15:06:33+00:00,0,4.0,1,quick_patch,0.6,1,47759970
file-type,5.0.0,4.4.0,2017-06-06T05:36:20+00:00,0,2.0,1,quick_patch,0.6,1,47759970
file-type,10.0.0,9.0.0,2018-10-07T17:29:17+00:00,0,14.0,1,quick_patch,0.6,1,47759970
file-type,14.0.0,13.1.2,2020-02-02T08:58:00+00:00,0,2.0,1,quick_patch,0.6,1,47759970
file-type,16.0.0,15.0.1,2020-10-18T19:03:34+00:00,0,14.0,1,quick_patch,0.6,1,47759970
file-type,22.0.0,21.3.4,2026-03-26T17:34:04+00:00,0,13.0,1,quick_patch,0.6,1,47759970
webpack,1.0.0,0.11.18,2014-02-19T22:10:24+00:00,0,4.0,1,quick_patch,0.6,1,47702711
webpack,4.0.0,3.12.0,2018-02-25T02:38:21+00:00,0,1.0,1,quick_patch,0.6,1,47702711
webpack,5.0.0,4.47.0,2020-10-10T20:09:07+00:00,0,2.0,1,quick_patch,0.6,1,47702711
jest-snapshot,13.0.0,0.0.0,2016-06-22T20:18:25+00:00,0,12.0,1,quick_patch,0.6,1,47189627
jest-snapshot,17.0.0,16.0.2,2016-11-08T14:12:33+00:00,0,5.0,1,quick_patch,0.6,1,47189627
jest-snapshot,18.0.0,17.0.3,2016-12-15T11:24:37+00:00,0,13.0,1,quick_patch,0.6,1,47189627
jest-snapshot,19.0.0,18.1.0,2017-02-21T09:30:28+00:00,0,1.0,1,quick_patch,0.6,1,47189627
jest-snapshot,20.0.0,19.0.2,2017-05-06T12:33:16+00:00,0,4.0,1,quick_patch,0.6,1,47189627
jest-snapshot,21.0.0,20.1.0-echo.1,2017-09-04T15:02:08+00:00,0,3.0,1,quick_patch,0.6,1,47189627
jest-snapshot,23.0.0-charlie.2,22.4.3,2018-05-15T09:52:07+00:00,0,12.0,1,quick_patch,0.6,1,47189627
jest-snapshot,23.0.0-charlie.3,22.4.3,2018-05-22T15:00:06+00:00,0,5.0,1,quick_patch,0.6,1,47189627
jest-snapshot,23.0.0-charlie.4,22.4.3,2018-05-23T10:42:51+00:00,0,4.0,1,quick_patch,0.6,1,47189627
jest-snapshot,23.0.0,22.4.3,2018-05-24T17:27:01+00:00,0,2.0,1,quick_patch,0.6,1,47189627
string-length,3.0.0,2.0.0,2019-03-18T08:14:18+00:00,0,14.0,1,quick_patch,0.6,1,46772191
terser-webpack-plugin,3.0.0,2.3.8,2020-05-01T17:28:38+00:00,0,4.0,1,quick_patch,0.6,1,46579947
terser-webpack-plugin,4.0.0,3.1.0,2020-08-04T15:14:36+00:00,0,5.0,1,quick_patch,0.6,1,46579947
terser-webpack-plugin,5.0.0,4.2.3,2020-10-14T19:24:17+00:00,0,8.0,1,quick_patch,0.6,1,46579947
jest-config,13.0.0,0.0.0,2016-06-22T20:18:18+00:00,0,12.0,1,quick_patch,0.6,1,46268653
jest-config,14.0.0,13.2.3,2016-07-27T09:14:38+00:00,0,2.0,1,quick_patch,0.6,1,46268653
jest-config,17.0.0,16.0.2,2016-11-08T14:12:25+00:00,0,5.0,1,quick_patch,0.6,1,46268653
jest-config,18.0.0,17.0.3,2016-12-15T11:24:25+00:00,0,13.0,1,quick_patch,0.6,1,46268653
jest-config,19.0.0,18.1.0,2017-02-21T09:30:13+00:00,0,1.0,1,quick_patch,0.6,1,46268653
jest-config,20.0.0,19.0.4,2017-05-06T12:34:46+00:00,0,4.0,1,quick_patch,0.6,1,46268653
jest-config,21.0.0,20.1.0-echo.1,2017-09-04T15:02:17+00:00,0,3.0,1,quick_patch,0.6,1,46268653
jest-config,23.0.0-charlie.2,22.4.4,2018-05-15T09:52:37+00:00,0,12.0,1,quick_patch,0.6,1,46268653
jest-config,23.0.0-charlie.3,22.4.4,2018-05-22T15:00:24+00:00,0,5.0,1,quick_patch,0.6,1,46268653
jest-config,23.0.0-charlie.4,22.4.4,2018-05-23T10:43:06+00:00,0,4.0,1,quick_patch,0.6,1,46268653
eslint-plugin-react,3.0.0,2.7.1,2015-07-21T00:30:24+00:00,0,6.0,1,quick_patch,0.6,1,46235588
eslint-plugin-react,4.0.0,3.16.1,2016-02-19T19:00:32+00:00,0,4.0,1,quick_patch,0.6,1,46235588
eslint-plugin-react,6.0.0,5.2.2,2016-08-01T19:50:38+00:00,0,12.0,1,quick_patch,0.6,1,46235588
eslint-plugin-react,7.0.0,6.10.3,2017-05-06T00:12:47+00:00,0,7.0,1,quick_patch,0.6,1,46235588
inquirer,1.0.0,0.12.0,2016-04-08T17:43:41+00:00,0,8.0,1,quick_patch,0.6,1,45731458
inquirer,5.0.0,4.0.2,2018-01-08T14:02:58+00:00,0,12.0,1,quick_patch,0.6,1,45731458
inquirer,10.0.0,9.3.8,2024-07-07T21:12:14+00:00,0,1.0,1,quick_patch,0.6,1,45731458
jest-runtime,13.0.0,0.0.0,2016-06-22T20:18:28+00:00,0,12.0,1,quick_patch,0.6,1,45528012
jest-runtime,14.0.0,13.2.3,2016-07-27T09:15:05+00:00,0,2.0,1,quick_patch,0.6,1,45528012
jest-runtime,17.0.0,16.0.2,2016-11-08T14:12:34+00:00,0,5.0,1,quick_patch,0.6,1,45528012
jest-runtime,18.0.0,17.0.3,2016-12-15T11:24:35+00:00,0,13.0,1,quick_patch,0.6,1,45528012
jest-runtime,19.0.0,18.1.0,2017-02-21T09:30:28+00:00,0,1.0,1,quick_patch,0.6,1,45528012
jest-runtime,20.0.0,19.0.4,2017-05-06T12:34:50+00:00,0,4.0,1,quick_patch,0.6,1,45528012
jest-runtime,21.0.0,20.1.0-echo.1,2017-09-04T15:02:20+00:00,0,3.0,1,quick_patch,0.6,1,45528012
jest-runtime,23.0.0-charlie.2,22.4.4,2018-05-15T09:52:46+00:00,0,12.0,1,quick_patch,0.6,1,45528012
jest-runtime,23.0.0-charlie.3,22.4.4,2018-05-22T15:00:31+00:00,0,5.0,1,quick_patch,0.6,1,45528012
jest-runtime,23.0.0-charlie.4,22.4.4,2018-05-23T10:43:16+00:00,0,4.0,1,quick_patch,0.6,1,45528012
@jest/globals,29.0.0,28.1.3,2022-08-25T12:33:37+00:00,0,1.0,1,quick_patch,0.6,1,45165399
@jest/globals,30.0.0,29.7.0,2025-06-10T02:16:04+00:00,0,8.0,1,quick_patch,0.6,1,45165399
jest-each,29.0.0,28.1.3,2022-08-25T12:33:30+00:00,0,1.0,1,quick_patch,0.6,1,44997159
jest-each,30.0.0,29.7.0,2025-06-10T02:15:50+00:00,0,8.0,1,quick_patch,0.6,1,44997159
jsonwebtoken,8.0.0,7.4.3,2017-09-06T16:03:30+00:00,0,5.0,1,quick_patch,0.6,1,44625727
react-router-dom,6.0.0,5.3.4,2021-11-03T20:17:12+00:00,0,2.0,1,quick_patch,0.6,1,44393983
@jest/reporters,29.0.0,28.1.3,2022-08-25T12:33:35+00:00,0,1.0,1,quick_patch,0.6,1,44183712
@jest/reporters,30.0.0,29.7.0,2025-06-10T02:16:01+00:00,0,8.0,1,quick_patch,0.6,1,44183712
jest,13.0.0,12.1.1,2016-06-22T20:18:17+00:00,0,12.0,1,quick_patch,0.6,1,44155392
jest,14.0.0,13.2.3,2016-07-27T09:14:40+00:00,0,2.0,1,quick_patch,0.6,1,44155392
jest,16.0.0,15.1.1,2016-10-03T08:38:28+00:00,0,1.0,1,quick_patch,0.6,1,44155392
jest,17.0.0,16.0.2,2016-11-08T14:12:21+00:00,0,5.0,1,quick_patch,0.6,1,44155392
jest,18.0.0,17.0.3,2016-12-15T11:24:24+00:00,0,13.0,1,quick_patch,0.6,1,44155392
jest,19.0.0,18.1.0,2017-02-21T09:30:32+00:00,0,1.0,1,quick_patch,0.6,1,44155392
jest,20.0.0,19.0.2,2017-05-06T12:34:57+00:00,0,4.0,1,quick_patch,0.6,1,44155392
jest,23.0.0-charlie.2,22.4.4,2018-05-15T09:53:04+00:00,0,12.0,1,quick_patch,0.6,1,44155392
jest,23.0.0-charlie.3,22.4.4,2018-05-22T15:00:52+00:00,0,5.0,1,quick_patch,0.6,1,44155392
jest,23.0.0-charlie.4,22.4.4,2018-05-23T10:43:37+00:00,0,4.0,1,quick_patch,0.6,1,44155392
ts-node,1.0.0,0.9.3,2016-07-20T01:41:29+00:00,0,1.0,1,quick_patch,0.6,1,43878992
ts-node,5.0.0,4.1.0,2018-02-19T22:30:00+00:00,0,9.0,1,quick_patch,0.6,1,43878992
ts-node,6.0.0,5.0.1,2018-04-17T08:31:11+00:00,0,8.0,1,quick_patch,0.6,1,43878992
jest-cli,11.0.0,0.10.2,2016-04-12T09:05:29+00:00,0,2.0,1,quick_patch,0.6,1,43291193
jest-cli,13.0.0,12.1.1,2016-06-22T20:18:21+00:00,0,12.0,1,quick_patch,0.6,1,43291193
jest-cli,14.0.0,13.2.3,2016-07-27T09:14:42+00:00,0,2.0,1,quick_patch,0.6,1,43291193
jest-cli,16.0.0,15.1.1,2016-10-03T08:38:30+00:00,0,1.0,1,quick_patch,0.6,1,43291193
jest-cli,17.0.0,16.0.2,2016-11-08T14:12:22+00:00,0,5.0,1,quick_patch,0.6,1,43291193
jest-cli,18.0.0,17.0.3,2016-12-15T11:24:27+00:00,0,13.0,1,quick_patch,0.6,1,43291193
jest-cli,19.0.0,18.1.0,2017-02-21T09:30:13+00:00,0,1.0,1,quick_patch,0.6,1,43291193
jest-cli,20.0.0,19.0.2,2017-05-06T12:34:53+00:00,0,4.0,1,quick_patch,0.6,1,43291193
jest-cli,23.0.0-charlie.2,22.4.4,2018-05-15T09:52:56+00:00,0,12.0,1,quick_patch,0.6,1,43291193
jest-cli,23.0.0-charlie.3,22.4.4,2018-05-22T15:00:47+00:00,0,5.0,1,quick_patch,0.6,1,43291193
marked,3.0.0,2.1.3,2021-08-16T03:09:32+00:00,0,7.0,1,quick_patch,0.6,1,43129466
marked,4.0.0,3.0.8,2021-11-02T14:42:30+00:00,0,8.0,1,quick_patch,0.6,1,43129466
marked,5.0.0,4.3.0,2023-05-02T04:37:27+00:00,0,4.0,1,quick_patch,0.6,1,43129466
marked,8.0.0,7.0.5,2023-09-03T04:08:25+00:00,0,3.0,1,quick_patch,0.6,1,43129466
marked,9.0.0,8.0.1,2023-09-09T23:57:43+00:00,0,5.0,1,quick_patch,0.6,1,43129466
marked,11.0.0,10.0.0,2023-11-29T04:02:21+00:00,0,9.0,1,quick_patch,0.6,1,43129466
marked,13.0.0,12.0.2,2024-06-12T06:10:11+00:00,0,12.0,1,quick_patch,0.6,1,43129466
marked,15.0.0,14.1.4,2024-11-09T03:02:06+00:00,0,9.0,1,quick_patch,0.6,1,43129466
marked,17.0.0,16.4.2,2025-11-07T06:41:22+00:00,0,13.0,1,quick_patch,0.6,1,43129466
marked,18.0.0,17.0.6,2026-04-07T05:38:37+00:00,0,9.0,1,quick_patch,0.6,1,43129466
@jest/core,29.0.0,28.1.3,2022-08-25T12:33:44+00:00,0,1.0,1,quick_patch,0.6,1,42715571
@jest/core,30.0.0,29.7.0,2025-06-10T02:16:17+00:00,0,8.0,1,quick_patch,0.6,1,42715571
@testing-library/react,13.0.0,12.1.5,2022-03-31T04:59:33+00:00,0,11.0,1,quick_patch,0.6,1,42263359
@testing-library/react,15.0.0,14.3.1,2024-04-10T15:21:48+00:00,0,1.0,1,quick_patch,0.6,1,42263359
jest-circus,21.0.0,20.1.0-echo.1,2017-09-04T15:02:13+00:00,0,3.0,1,quick_patch,0.6,1,42125295
jest-circus,23.0.0-charlie.2,22.4.4,2018-05-15T09:52:20+00:00,0,12.0,1,quick_patch,0.6,1,42125295
jest-circus,23.0.0-charlie.3,22.4.4,2018-05-22T15:00:14+00:00,0,5.0,1,quick_patch,0.6,1,42125295
jest-circus,23.0.0-charlie.4,22.4.4,2018-05-23T10:42:56+00:00,0,4.0,1,quick_patch,0.6,1,42125295
jest-circus,23.0.0,22.4.4,2018-05-24T17:27:08+00:00,0,2.0,1,quick_patch,0.6,1,42125295
jest-circus,24.0.0,23.6.0,2019-01-25T15:05:24+00:00,0,11.0,1,quick_patch,0.6,1,42125295
jest-circus,29.0.0,28.1.3,2022-08-25T12:33:40+00:00,0,1.0,1,quick_patch,0.6,1,42125295
jest-circus,30.0.0,29.7.0,2025-06-10T02:16:09+00:00,0,8.0,1,quick_patch,0.6,1,42125295
make-fetch-happen,4.0.0,3.0.0,2018-04-09T04:42:02+00:00,0,2.0,1,quick_patch,0.6,1,41786942
make-fetch-happen,10.0.0,9.1.0,2022-01-25T18:33:51+00:00,0,14.0,1,quick_patch,0.6,1,41786942
make-fetch-happen,11.0.0,10.2.1,2022-10-13T20:13:59+00:00,0,3.0,1,quick_patch,0.6,1,41786942
make-fetch-happen,14.0.0,13.0.1,2024-09-26T17:36:04+00:00,0,5.0,1,quick_patch,0.6,1,41786942
dompurify,1.0.0,0.9.0,2017-08-15T15:12:49+00:00,0,5.0,1,quick_patch,0.6,1,41667930
dompurify,2.0.0,1.0.11,2019-09-12T17:05:06+00:00,0,6.0,1,quick_patch,0.6,1,41667930
express-rate-limit,7.0.0,6.11.2,2023-09-12T16:25:10+00:00,0,3.0,1,quick_patch,0.6,1,41410371
express-rate-limit,8.0.0,7.5.1,2025-07-15T16:17:42+00:00,0,1.0,1,quick_patch,0.6,1,41410371
node-gyp,2.0.0,1.0.3,2015-05-24T22:22:20+00:00,0,3.0,1,quick_patch,0.6,1,40407990
node-gyp,5.0.0,4.0.0,2019-06-13T08:42:22+00:00,0,7.0,1,quick_patch,0.6,1,40407990
node-gyp,10.0.0,9.4.1,2023-10-28T23:47:25+00:00,0,4.0,1,quick_patch,0.6,1,40407990
node-gyp,12.0.0,11.5.0,2025-11-11T04:44:48+00:00,0,1.0,1,quick_patch,0.6,1,40407990
graphql,16.0.0,15.10.2,2021-10-28T19:55:08+00:00,0,4.0,1,quick_patch,0.6,1,39640273
graphql,16.0.0-experimental-stream-defer.5,15.10.2,2021-10-28T21:04:14+00:00,0,4.0,1,quick_patch,0.6,1,39640273
unified,8.0.0,7.1.0,2019-06-25T15:43:15+00:00,0,6.0,1,quick_patch,0.6,1,38670521
unified,10.0.0,9.2.2,2021-07-15T07:54:13+00:00,0,5.0,1,quick_patch,0.6,1,38670521
unified,11.0.0,10.1.2,2023-08-15T08:54:30+00:00,0,2.0,1,quick_patch,0.6,1,38670521
meow,7.0.0,6.1.1,2020-05-07T05:49:56+00:00,0,4.0,1,quick_patch,0.6,1,37438073
meow,12.0.0,11.0.0,2023-05-02T13:00:27+00:00,0,2.0,1,quick_patch,0.6,1,37438073
meow,13.0.0,12.1.1,2023-12-22T20:15:36+00:00,0,12.0,1,quick_patch,0.6,1,37438073
zustand,2.0.0,1.0.7,2019-10-09T21:26:15+00:00,0,1.0,1,quick_patch,0.6,1,37161016
pngjs,2.0.0,0.4.0,2015-10-20T16:10:12+00:00,0,8.0,1,quick_patch,0.6,1,36791806
pngjs,4.0.0,3.4.0,2020-04-09T13:59:18+00:00,0,6.0,1,quick_patch,0.6,1,36791806
p-timeout,2.0.0,1.2.1,2017-11-19T09:37:35+00:00,0,9.0,1,quick_patch,0.6,1,36264688
p-timeout,4.0.0,3.2.0,2020-12-01T15:56:35+00:00,0,4.0,1,quick_patch,0.6,1,36264688
next,1.0.0,0.9.11,2016-10-25T15:11:17+00:00,0,2.0,1,quick_patch,0.6,1,36029905
next,2.0.0,1.2.3,2017-03-27T10:02:17+00:00,0,3.0,1,quick_patch,0.6,1,36029905
next,6.0.0,5.1.0,2018-04-29T19:13:33+00:00,0,11.0,1,quick_patch,0.6,1,36029905
next,7.0.0,6.1.2,2018-09-19T16:28:59+00:00,0,9.0,1,quick_patch,0.6,1,36029905
next,8.0.0,7.0.3,2019-02-11T08:12:23+00:00,0,2.0,1,quick_patch,0.6,1,36029905
next,9.0.0,8.1.0,2019-07-08T06:52:28+00:00,0,3.0,1,quick_patch,0.6,1,36029905
next,10.0.0,9.5.5,2020-10-27T16:12:22+00:00,0,7.0,1,quick_patch,0.6,1,36029905
next,11.0.0,10.2.3,2021-06-15T14:59:03+00:00,0,7.0,1,quick_patch,0.6,1,36029905
next,13.0.0,12.3.7,2022-10-25T17:31:20+00:00,0,6.0,1,quick_patch,0.6,1,36029905
rc,1.0.0,0.6.0,2015-03-19T03:37:02+00:00,0,9.0,1,quick_patch,0.6,1,35979963
node-forge,1.0.0,0.10.0,2022-01-05T03:00:55+00:00,0,2.0,1,quick_patch,0.6,1,35689173
framer-motion,3.0.0,2.9.5,2020-12-16T17:34:43+00:00,0,1.0,1,quick_patch,0.6,1,35570114
framer-motion,4.0.0,3.10.6,2021-03-18T13:00:47+00:00,0,4.0,1,quick_patch,0.6,1,35570114
framer-motion,5.0.0,4.1.17,2021-10-27T10:02:42+00:00,0,5.0,1,quick_patch,0.6,1,35570114
framer-motion,6.0.0,5.6.0,2022-01-19T12:49:40+00:00,0,1.0,1,quick_patch,0.6,1,35570114
framer-motion,7.0.0,6.5.1,2022-08-04T13:49:38+00:00,0,6.0,1,quick_patch,0.6,1,35570114
framer-motion,10.0.0,9.1.7,2023-02-24T14:49:47+00:00,0,2.0,1,quick_patch,0.6,1,35570114
framer-motion,12.0.0,11.18.2,2025-01-20T12:10:21+00:00,0,1.0,1,quick_patch,0.6,1,35570114
got,1.0.0,0.3.0,2014-08-05T09:43:06+00:00,0,6.0,1,quick_patch,0.6,1,35418375
got,2.0.0,1.2.2,2014-11-23T09:01:36+00:00,0,9.0,1,quick_patch,0.6,1,35418375
got,3.0.0,2.9.2,2015-05-06T06:30:58+00:00,0,2.0,1,quick_patch,0.6,1,35418375
got,4.0.0,3.3.1,2015-07-25T06:31:20+00:00,0,2.0,1,quick_patch,0.6,1,35418375
got,6.0.0,5.7.1,2016-01-07T16:32:11+00:00,0,3.0,1,quick_patch,0.6,1,35418375
got,15.0.0,14.6.6,2026-04-01T17:16:51+00:00,0,6.0,1,quick_patch,0.6,1,35418375
@testing-library/user-event,7.0.0,6.0.0,2019-08-28T08:21:33+00:00,0,13.0,1,quick_patch,0.6,1,34651956
@testing-library/user-event,11.0.0,10.4.1,2020-06-02T18:45:00+00:00,0,1.0,1,quick_patch,0.6,1,34651956
@testing-library/user-event,14.0.0,13.5.0,2022-03-29T07:31:22+00:00,0,2.0,1,quick_patch,0.6,1,34651956
dotenv-expand,5.0.0,4.2.0,2019-03-13T00:09:40+00:00,0,5.0,1,quick_patch,0.6,1,34617219
dotenv-expand,12.0.0,11.0.7,2024-11-16T20:21:42+00:00,0,1.0,1,quick_patch,0.6,1,34617219
eslint-plugin-jsx-a11y,5.0.0,4.0.0,2017-05-05T17:52:41+00:00,0,1.0,1,quick_patch,0.6,1,33707132
eslint-plugin-jsx-a11y,6.0.0,5.1.1,2017-06-27T01:25:18+00:00,0,1.0,1,quick_patch,0.6,1,33707132
cross-fetch,1.0.0,0.0.8,2017-10-29T14:00:53+00:00,0,3.0,1,quick_patch,0.6,1,33456938
cross-fetch,2.0.0,1.1.1,2018-02-28T21:55:40+00:00,0,8.0,1,quick_patch,0.6,1,33456938
pino,1.0.0,0.4.2,2016-03-17T11:52:28+00:00,0,2.0,1,quick_patch,0.6,1,33258306
pino,2.0.0,1.1.1,2016-04-01T19:29:20+00:00,0,4.0,1,quick_patch,0.6,1,33258306
pino,3.0.0,2.16.0,2016-11-15T07:15:34+00:00,0,1.0,1,quick_patch,0.6,1,33258306
pino,4.0.0,3.4.0,2017-02-15T13:11:23+00:00,0,6.0,1,quick_patch,0.6,1,33258306
pino,5.0.0,4.17.6,2018-08-07T12:56:19+00:00,0,1.0,1,quick_patch,0.6,1,33258306
pino,6.0.0,5.17.0,2020-03-27T11:51:27+00:00,0,6.0,1,quick_patch,0.6,1,33258306
redux,3.0.0,2.0.0,2015-09-12T23:50:19+00:00,0,12.0,1,quick_patch,0.6,1,32841155
luxon,2.0.0,1.28.1,2021-07-09T16:12:41+00:00,0,2.0,1,quick_patch,0.6,1,30300924
pg,1.0.0,0.15.1,2013-04-04T17:02:56+00:00,0,14.0,1,quick_patch,0.6,1,29524221
pg,4.0.0,3.6.4,2014-11-20T03:31:21+00:00,0,14.0,1,quick_patch,0.6,1,29524221
pg,5.0.0,4.5.7,2016-06-07T21:49:49+00:00,0,3.0,1,quick_patch,0.6,1,29524221
pg,6.0.0,5.2.1,2016-06-22T03:04:13+00:00,0,2.0,1,quick_patch,0.6,1,29524221
pg,8.0.0,7.18.2,2020-03-30T15:45:51+00:00,0,10.0,1,quick_patch,0.6,1,29524221
pluralize,1.0.0,0.0.12,2014-08-17T18:21:10+00:00,0,13.0,1,quick_patch,0.6,1,29520793
husky,1.0.0,0.14.3,2018-09-25T23:38:43+00:00,0,1.0,1,quick_patch,0.6,1,29101761
husky,4.0.0,3.1.0,2020-01-07T01:02:18+00:00,0,1.0,1,quick_patch,0.6,1,29101761
husky,5.0.0,4.3.8,2020-11-16T14:23:06+00:00,0,1.0,1,quick_patch,0.6,1,29101761
husky,7.0.0,6.0.0,2021-07-01T04:35:57+00:00,0,5.0,1,quick_patch,0.6,1,29101761
nan,2.0.0,1.9.0,2015-07-31T11:56:05+00:00,0,5.0,1,quick_patch,0.6,1,28460504
css-loader,2.0.0,1.0.1,2018-12-07T11:43:27+00:00,0,7.0,1,quick_patch,0.6,1,28220406
css-loader,4.0.0,3.6.0,2020-07-25T16:14:08+00:00,0,4.0,1,quick_patch,0.6,1,28220406
css-loader,6.0.0,5.2.7,2021-07-15T02:28:13+00:00,0,2.0,1,quick_patch,0.6,1,28220406
css-loader,7.0.0,6.11.0,2024-04-04T16:38:47+00:00,0,4.0,1,quick_patch,0.6,1,28220406
archiver,7.0.0,6.0.2,2024-02-28T14:33:28+00:00,0,10.0,1,quick_patch,0.6,1,27993133
sass,1.0.0,0.5.0,2018-03-26T20:04:17+00:00,0,1.0,1,quick_patch,0.6,1,27508845
classnames,2.0.0,1.2.2,2015-05-03T07:39:34+00:00,0,2.0,1,quick_patch,0.6,1,27179452
react-redux,1.0.0,0.9.0,2015-08-24T17:22:17+00:00,0,1.0,1,quick_patch,0.6,1,26607517
react-redux,2.0.0,1.0.1,2015-09-01T01:32:24+00:00,0,2.0,1,quick_patch,0.6,1,26607517
react-redux,3.0.0,2.1.2,2015-09-24T12:28:19+00:00,0,4.0,1,quick_patch,0.6,1,26607517
react-redux,8.0.0,7.2.9,2022-04-16T17:31:21+00:00,0,4.0,1,quick_patch,0.6,1,26607517
busboy,1.0.0,0.3.1,2021-12-19T20:39:04+00:00,0,9.0,1,quick_patch,0.6,1,26054195
p-queue,7.0.0,6.6.2,2021-03-31T06:44:09+00:00,0,6.0,1,quick_patch,0.6,1,25914975
p-queue,8.0.0,7.4.1,2023-12-07T15:16:04+00:00,0,6.0,1,quick_patch,0.6,1,25914975
boxen,4.0.0,3.2.0,2019-05-29T15:14:42+00:00,0,13.0,1,quick_patch,0.6,1,25265920
boxen,6.0.0,5.1.2,2021-09-30T03:34:16+00:00,0,5.0,1,quick_patch,0.6,1,25265920
webpack-dev-middleware,3.0.0,2.0.6,2018-02-28T22:31:03+00:00,0,5.0,1,quick_patch,0.6,1,25173139
webpack-dev-middleware,4.0.0,3.7.3,2020-10-28T14:44:59+00:00,0,12.0,1,quick_patch,0.6,1,25173139
webpack-dev-middleware,6.0.0,5.3.4,2022-11-20T18:28:40+00:00,0,7.0,1,quick_patch,0.6,1,25173139
webpack-dev-middleware,8.0.0,7.4.5,2026-03-20T16:15:21+00:00,0,3.0,1,quick_patch,0.6,1,25173139
babel-loader,6.0.0,5.4.2,2015-10-31T09:32:54+00:00,0,2.0,1,quick_patch,0.6,1,24806903
babel-loader,8.0.0,7.1.5,2018-08-27T22:15:59+00:00,0,4.0,1,quick_patch,0.6,1,24806903
babel-loader,9.0.0,8.4.1,2022-10-27T12:50:05+00:00,0,4.0,1,quick_patch,0.6,1,24806903
ts-jest,18.0.0,17.0.3,2016-12-23T07:36:14+00:00,0,6.0,1,quick_patch,0.6,1,24793537
ts-jest,20.0.0,19.0.14,2017-05-06T20:14:59+00:00,0,1.0,1,quick_patch,0.6,1,24793537
ts-jest,21.0.0,20.0.14,2017-09-05T05:59:09+00:00,0,9.0,1,quick_patch,0.6,1,24793537
ts-jest,25.0.0,24.3.0,2020-01-23T07:26:44+00:00,0,7.0,1,quick_patch,0.6,1,24793537
ts-jest,27.0.0,26.5.6,2021-05-25T22:18:51+00:00,0,1.0,1,quick_patch,0.6,1,24793537
ts-jest,29.0.0,28.0.8,2022-09-09T08:23:03+00:00,0,4.0,1,quick_patch,0.6,1,24793537
jest-environment-jsdom,11.0.0,10.0.2,2016-04-12T07:55:57+00:00,0,2.0,1,quick_patch,0.6,1,23562237
jest-environment-jsdom,13.0.0,12.1.0,2016-06-22T20:18:19+00:00,0,12.0,1,quick_patch,0.6,1,23562237
jest-environment-jsdom,17.0.0,16.0.2,2016-11-08T14:12:26+00:00,0,6.0,1,quick_patch,0.6,1,23562237
jest-environment-jsdom,18.0.0,17.0.2,2016-12-15T11:24:27+00:00,0,13.0,1,quick_patch,0.6,1,23562237
jest-environment-jsdom,19.0.0,18.1.0,2017-02-21T09:30:16+00:00,0,1.0,1,quick_patch,0.6,1,23562237
jest-environment-jsdom,20.0.0,19.0.2,2017-05-06T12:33:14+00:00,0,4.0,1,quick_patch,0.6,1,23562237
jest-environment-jsdom,21.0.0,20.1.0-echo.1,2017-09-04T15:02:13+00:00,0,3.0,1,quick_patch,0.6,1,23562237
jest-environment-jsdom,23.0.0-charlie.2,22.4.3,2018-05-15T09:51:57+00:00,0,12.0,1,quick_patch,0.6,1,23562237
jest-environment-jsdom,23.0.0-charlie.3,22.4.3,2018-05-22T14:59:56+00:00,0,5.0,1,quick_patch,0.6,1,23562237
jest-environment-jsdom,23.0.0-charlie.4,22.4.3,2018-05-23T10:42:46+00:00,0,4.0,1,quick_patch,0.6,1,23562237
winston,2.0.0,1.1.2,2015-10-30T01:30:42+00:00,0,4.0,1,quick_patch,0.6,1,23478189
lint-staged,10.0.0,9.5.0,2020-01-19T18:22:13+00:00,0,1.0,1,quick_patch,0.6,1,23323755
lint-staged,13.0.0,12.5.0,2022-06-01T07:55:48+00:00,0,7.0,1,quick_patch,0.6,1,23323755
lint-staged,14.0.0,13.3.0,2023-08-13T20:39:10+00:00,0,7.0,1,quick_patch,0.6,1,23323755
markdown-it,3.0.0,2.2.1,2015-01-04T13:17:00+00:00,0,3.0,1,quick_patch,0.6,1,23020656
markdown-it,9.0.0,8.4.2,2019-07-09T05:45:36+00:00,0,3.0,1,quick_patch,0.6,1,23020656
markdown-it,12.0.0,11.0.1,2020-10-14T18:26:33+00:00,0,4.0,1,quick_patch,0.6,1,23020656
markdown-it,13.0.0,12.3.2,2022-04-22T17:20:13+00:00,0,10.0,1,quick_patch,0.6,1,23020656
webpack-merge,2.0.0,1.1.2,2016-12-22T10:53:27+00:00,0,14.0,1,quick_patch,0.6,1,21274081
webpack-merge,4.0.0,3.0.0,2017-03-06T13:33:23+00:00,0,9.0,1,quick_patch,0.6,1,21274081
webpack-merge,5.0.0,4.2.2,2020-07-03T15:10:10+00:00,0,2.0,1,quick_patch,0.6,1,21274081
sha.js,2.0.0,1.3.0,2014-01-15T09:24:38+00:00,0,12.0,1,quick_patch,0.6,1,20733979
postcss-loader,1.0.0,0.13.0,2016-10-16T09:32:50+00:00,0,12.0,1,quick_patch,0.6,1,19468282
postcss-loader,8.0.0,7.3.4,2024-01-16T16:22:34+00:00,0,13.0,1,quick_patch,0.6,1,19468282
ioredis,2.0.0,1.15.1,2016-05-29T10:53:16+00:00,0,2.0,1,quick_patch,0.6,1,19217407
ioredis,3.0.0,2.5.0,2017-05-18T16:32:28+00:00,0,11.0,1,quick_patch,0.6,1,19217407
cross-env,3.0.0,2.0.1,2016-09-24T15:57:49+00:00,0,10.0,1,quick_patch,0.6,1,19011586
cross-env,6.0.0,5.2.1,2019-09-17T17:18:53+00:00,0,13.0,1,quick_patch,0.6,1,19011586
selfsigned,3.0.0,2.4.1,2025-07-21T14:13:28+00:00,0,2.0,1,quick_patch,0.6,1,18793078
webpack-dev-server,3.0.0,2.11.5,2018-02-25T11:15:37+00:00,0,2.0,1,quick_patch,0.6,1,17823271
webpack-dev-server,4.0.0,3.11.3,2021-08-18T18:09:04+00:00,0,12.0,1,quick_patch,0.6,1,17823271
webpack-dev-server,5.0.0,4.15.2,2024-02-12T13:33:21+00:00,0,1.0,1,quick_patch,0.6,1,17823271
i18next,2.0.0,1.10.6,2015-12-12T12:10:09+00:00,0,2.0,1,quick_patch,0.6,1,17614826
i18next,3.0.0,2.5.1,2016-05-09T09:02:04+00:00,0,1.0,1,quick_patch,0.6,1,17614826
i18next,4.0.0,3.5.2,2016-11-09T20:25:41+00:00,0,10.0,1,quick_patch,0.6,1,17614826
i18next,7.0.0,6.1.2,2017-02-06T19:53:57+00:00,0,14.0,1,quick_patch,0.6,1,17614826
i18next,8.0.0,7.2.3,2017-04-20T09:05:37+00:00,0,9.0,1,quick_patch,0.6,1,17614826
i18next,10.0.0,9.1.0,2017-10-09T18:55:55+00:00,0,1.0,1,quick_patch,0.6,1,17614826
i18next,13.0.0,12.1.0,2018-12-14T07:21:09+00:00,0,11.0,1,quick_patch,0.6,1,17614826
i18next,18.0.0,17.3.1,2019-10-24T15:20:17+00:00,0,1.0,1,quick_patch,0.6,1,17614826
i18next,20.0.0,19.9.2,2021-03-22T11:20:29+00:00,0,2.0,1,quick_patch,0.6,1,17614826
i18next,24.0.0,23.16.8,2024-11-22T13:18:38+00:00,0,2.0,1,quick_patch,0.6,1,17614826
concurrently,3.0.0-dev,2.2.0,2016-09-18T22:11:52+00:00,0,13.0,1,quick_patch,0.6,1,17448455
concurrently,3.0.0,2.2.0,2016-09-26T09:42:57+00:00,0,6.0,1,quick_patch,0.6,1,17448455
concurrently,4.0.0,3.6.1,2018-08-24T20:16:41+00:00,0,1.0,1,quick_patch,0.6,1,17448455
concurrently,9.0.0,8.2.2,2024-09-08T12:27:57+00:00,0,3.0,1,quick_patch,0.6,1,17448455
mini-css-extract-plugin,1.0.0,0.12.0,2020-10-09T12:50:27+00:00,0,10.0,1,quick_patch,0.6,1,17437282
mini-css-extract-plugin,2.0.0,1.6.2,2021-06-30T17:01:34+00:00,0,4.0,1,quick_patch,0.6,1,17437282
sass-loader,1.0.0,0.6.0,2015-03-22T22:19:15+00:00,0,8.0,1,quick_patch,0.6,1,17118584
sass-loader,2.0.0,1.0.4,2015-08-06T14:23:58+00:00,0,8.0,1,quick_patch,0.6,1,17118584
sass-loader,5.0.0,4.1.1,2017-02-07T01:14:09+00:00,0,1.0,1,quick_patch,0.6,1,17118584
sass-loader,6.0.0,5.0.1,2017-02-13T19:40:19+00:00,0,3.0,1,quick_patch,0.6,1,17118584
sass-loader,11.0.0,10.5.2,2021-02-05T12:56:47+00:00,0,3.0,1,quick_patch,0.6,1,17118584
sass-loader,12.0.0,11.1.1,2021-06-01T15:32:54+00:00,0,9.0,1,quick_patch,0.6,1,17118584
sass-loader,14.0.0,13.3.3,2024-01-15T16:08:58+00:00,0,14.0,1,quick_patch,0.6,1,17118584
storybook,7.0.0,6.5.16,2023-03-31T13:37:53+00:00,0,2.0,1,quick_patch,0.6,1,16713118
storybook,8.0.0,7.6.24,2024-03-11T15:41:01+00:00,0,7.0,1,quick_patch,0.6,1,16713118
storybook,9.0.0,8.6.18,2025-05-28T12:22:26+00:00,0,1.0,1,quick_patch,0.6,1,16713118
multer,2.0.0,1.4.5-lts.2,2025-05-19T17:08:09+00:00,0,14.0,1,quick_patch,0.6,1,16410589
jspdf,2.0.0,1.5.3,2020-08-11T08:55:33+00:00,0,14.0,1,quick_patch,0.6,1,15921908
html-webpack-plugin,5.0.0,4.5.2,2021-02-03T11:34:20+00:00,0,9.0,1,quick_patch,0.6,1,15869739
nodemailer,5.0.0,4.7.0,2018-12-28T10:45:42+00:00,0,11.0,1,quick_patch,0.6,1,15617912
nodemailer,6.0.0,5.1.1,2019-03-25T10:15:57+00:00,0,12.0,1,quick_patch,0.6,1,15617912
nodemailer,8.0.0,7.0.13,2026-02-04T10:57:52+00:00,0,2.0,1,quick_patch,0.6,1,15617912
del,1.0.0,0.1.3,2014-12-01T06:41:29+00:00,0,3.0,1,quick_patch,0.6,1,14534792
del,2.0.0,1.2.1,2015-08-31T06:59:29+00:00,0,4.0,1,quick_patch,0.6,1,14534792
socket.io,3.0.0,2.5.1,2020-11-05T21:08:44+00:00,0,3.0,1,quick_patch,0.6,1,14483742
csv-parse,6.0.0,5.6.0,2025-07-10T13:58:44+00:00,0,6.0,1,quick_patch,0.6,1,14215656
xml-js,1.0.0,0.9.7,2017-01-13T06:03:51+00:00,0,11.0,1,quick_patch,0.6,1,13762781
mocha,3.0.0,2.5.3,2016-08-01T05:06:31+00:00,0,3.0,1,quick_patch,0.6,1,13755239
mocha,4.0.0,3.5.3,2017-10-03T03:37:52+00:00,0,2.0,1,quick_patch,0.6,1,13755239
mocha,6.0.0,5.2.0,2019-02-18T21:12:20+00:00,0,2.0,1,quick_patch,0.6,1,13755239
mocha,7.0.0-esm1,6.2.3,2020-01-12T17:33:37+00:00,0,13.0,1,quick_patch,0.6,1,13755239
mocha,9.0.0,8.4.0,2021-06-07T15:46:55+00:00,0,10.0,1,quick_patch,0.6,1,13755239
limiter,2.0.0,1.1.5,2021-04-28T23:25:12+00:00,0,1.0,1,quick_patch,0.6,1,13374358
socket.io-client,3.0.0,2.5.0,2020-11-05T21:08:23+00:00,0,3.0,1,quick_patch,0.6,1,13090997
graphql-tag,1.0.0,0.1.17,2016-11-23T02:30:01+00:00,0,8.0,1,quick_patch,0.6,1,13027788
nodemon,2.0.0,1.19.4,2019-11-20T15:24:59+00:00,0,1.0,1,quick_patch,0.6,1,12826722
prisma,6.0.0,5.23.0-dev.33,2024-11-28T18:29:43+00:00,0,1.0,1,quick_patch,0.6,1,12713171
react-i18next,2.0.0,1.11.0,2017-01-09T20:26:38+00:00,0,12.0,1,quick_patch,0.6,1,12605555
react-i18next,4.0.0,3.1.2,2017-05-11T18:12:27+00:00,0,4.0,1,quick_patch,0.6,1,12605555
react-i18next,5.0.0,4.8.0,2017-08-18T08:39:21+00:00,0,4.0,1,quick_patch,0.6,1,12605555
react-i18next,6.0.0,5.4.1,2017-09-26T12:19:44+00:00,0,1.0,1,quick_patch,0.6,1,12605555
react-i18next,7.0.0,6.2.0,2017-11-23T10:20:29+00:00,0,1.0,1,quick_patch,0.6,1,12605555
react-i18next,9.0.0,8.4.0,2018-12-31T06:44:08+00:00,0,2.0,1,quick_patch,0.6,1,12605555
react-i18next,10.0.0,9.0.10,2019-02-06T09:29:28+00:00,0,1.0,1,quick_patch,0.6,1,12605555
react-i18next,11.0.0,10.13.2,2019-10-24T15:39:35+00:00,0,5.0,1,quick_patch,0.6,1,12605555
react-i18next,13.0.0,12.3.1,2023-06-15T08:45:12+00:00,0,6.0,1,quick_patch,0.6,1,12605555
mongodb,4.0.0,3.7.4,2021-07-13T17:36:24+00:00,0,7.0,1,quick_patch,0.6,1,12219603
mongodb,5.0.0,4.17.2,2023-01-31T21:05:13+00:00,0,6.0,1,quick_patch,0.6,1,12219603
mongodb,7.0.0-dev.20260121.sha.4e9467e8,6.21.0,2026-01-21T00:20:24+00:00,0,14.0,1,quick_patch,0.6,1,12219603
mongodb,7.0.0-dev.20260123.sha.7a8276e5,6.21.0,2026-01-23T00:19:58+00:00,0,12.0,1,quick_patch,0.6,1,12219603
mongodb,7.0.0-dev.20260124.sha.2b2366dd,6.21.0,2026-01-24T00:19:03+00:00,0,11.0,1,quick_patch,0.6,1,12219603
mongodb,7.0.0-dev.20260128.sha.840c77bb,6.21.0,2026-01-28T00:20:07+00:00,0,7.0,1,quick_patch,0.6,1,12219603
mongodb,7.0.0-dev.20260129.sha.0358360b,6.21.0,2026-01-29T00:22:19+00:00,0,6.0,1,quick_patch,0.6,1,12219603
mongodb,7.0.0-dev.20260131.sha.59c2557d,6.21.0,2026-01-31T00:22:07+00:00,0,4.0,1,quick_patch,0.6,1,12219603
copy-webpack-plugin,1.0.0,0.3.3,2016-01-24T21:29:45+00:00,0,1.0,1,quick_patch,0.6,1,12219602
copy-webpack-plugin,12.0.0,11.0.0,2024-01-10T13:41:03+00:00,0,1.0,1,quick_patch,0.6,1,12219602
webpack-cli,2.0.0,1.5.3,2017-12-21T16:52:10+00:00,0,1.0,1,quick_patch,0.6,1,11969880
webpack-cli,4.0.0,3.3.12,2020-10-10T18:16:17+00:00,0,8.0,1,quick_patch,0.6,1,11969880
webpack-cli,7.0.0,6.0.1,2026-03-13T17:30:29+00:00,0,3.0,1,quick_patch,0.6,1,11969880
webpack-bundle-analyzer,2.0.0,1.5.4,2016-11-25T12:46:17+00:00,0,1.0,1,quick_patch,0.6,1,11858476
helmet,3.0.0,2.3.0,2016-10-28T21:03:55+00:00,0,6.0,1,quick_patch,0.6,1,11151177
helmet,4.0.0,3.23.3,2020-08-02T14:50:04+00:00,0,12.0,1,quick_patch,0.6,1,11151177
mysql2,1.0.0,0.15.8,2016-09-16T01:30:40+00:00,0,4.0,1,quick_patch,0.6,1,11059798
styled-components,1.0.0,0.4.2,2016-10-13T07:36:25+00:00,0,1.0,1,quick_patch,0.6,1,10781025
styled-components,2.0.0,1.4.6,2017-05-25T11:55:24+00:00,0,13.0,1,quick_patch,0.6,1,10781025
styled-components,4.0.0,3.4.10,2018-10-15T16:56:15+00:00,0,2.0,1,quick_patch,0.6,1,10781025
styled-components,5.0.0-testdeopt,4.4.1,2020-01-22T22:20:14+00:00,0,12.0,1,quick_patch,0.6,1,10781025
styled-components,5.0.0-testdeopt2,4.4.1,2020-01-24T04:22:33+00:00,0,11.0,1,quick_patch,0.6,1,10781025
styled-components,5.0.0-testgrouplimit.0,4.4.1,2020-01-30T17:18:02+00:00,0,5.0,1,quick_patch,0.6,1,10781025
redis,2.0.0,1.0.0,2015-09-21T20:22:52+00:00,0,2.0,1,quick_patch,0.6,1,10365107
redis,5.0.0,4.7.1,2025-04-30T14:20:28+00:00,0,4.0,1,quick_patch,0.6,1,10365107
less,2.0.0,1.7.5,2014-11-09T14:31:21+00:00,0,13.0,1,quick_patch,0.6,1,10263568
less,3.0.0,2.7.3,2018-02-11T05:42:39+00:00,0,3.0,1,quick_patch,0.6,1,10263568
bcryptjs,1.0.0,0.7.12,2014-06-08T20:46:34+00:00,0,1.0,1,quick_patch,0.6,1,9999836
bcryptjs,3.0.0,2.4.3,2025-02-13T18:24:04+00:00,0,3.0,1,quick_patch,0.6,1,9999836
bottleneck,2.0.0,1.16.0,2018-01-14T19:00:36+00:00,0,1.0,1,quick_patch,0.6,1,9695744
stylelint,1.0.0,0.8.0,2015-09-05T18:43:01+00:00,0,1.0,1,quick_patch,0.6,1,9370149
stylelint,4.0.0,3.2.3,2016-01-20T12:15:15+00:00,0,1.0,1,quick_patch,0.6,1,9370149
stylelint,5.0.0,4.5.1,2016-03-11T02:04:00+00:00,0,1.0,1,quick_patch,0.6,1,9370149
stylelint,9.0.0,8.4.0,2018-02-18T09:43:19+00:00,0,3.0,1,quick_patch,0.6,1,9370149
stylelint,10.0.0,9.10.1,2019-04-13T12:56:40+00:00,0,2.0,1,quick_patch,0.6,1,9370149
stylelint,14.0.0,13.13.1,2021-10-21T14:57:12+00:00,0,5.0,1,quick_patch,0.6,1,9370149
stylelint,15.0.0,14.16.1,2023-02-09T14:28:27+00:00,0,1.0,1,quick_patch,0.6,1,9370149
nx,12.0.0,11.6.3,2021-04-08T16:49:50+00:00,0,2.0,1,quick_patch,0.6,1,8941269
nx,15.0.0,14.8.9,2022-10-14T17:18:51+00:00,0,7.0,1,quick_patch,0.6,1,8941269
nx,16.0.0,15.9.7,2023-04-27T22:12:47+00:00,0,1.0,1,quick_patch,0.6,1,8941269
nx,18.0.0,17.3.2,2024-02-03T05:12:01+00:00,0,1.0,1,quick_patch,0.6,1,8941269
nx,19.0.0,18.3.5,2024-05-06T18:08:36+00:00,0,1.0,1,quick_patch,0.6,1,8941269
nx,20.0.0,19.8.15,2024-10-07T03:35:10+00:00,0,8.0,1,quick_patch,0.6,1,8941269
nx,21.0.0,20.8.4,2025-05-05T20:39:40+00:00,0,1.0,1,quick_patch,0.6,1,8941269
wait-on,2.0.0,1.5.4,2016-11-09T21:01:36+00:00,0,6.0,1,quick_patch,0.6,1,8737573
wait-on,9.0.0,8.0.5,2025-09-16T14:28:42+00:00,0,4.0,1,quick_patch,0.6,1,8737573
react-select,5.0.0,4.3.1,2021-09-23T23:48:34+00:00,0,11.0,1,quick_patch,0.6,1,8717019
graphql-request,7.0.0,6.1.0,2024-05-09T02:18:17+00:00,0,2.0,1,quick_patch,0.6,1,8438346
utility-types,3.0.0,2.1.0,2018-12-21T13:26:18+00:00,0,3.0,1,quick_patch,0.6,1,8379883
sanitize-html,1.0.0,0.1.4,2014-01-05T00:29:48+00:00,0,4.0,1,quick_patch,0.6,1,8058939
sanitize-html,2.0.0,1.27.5,2020-09-23T16:08:09+00:00,0,13.0,1,quick_patch,0.6,1,8058939
nyc,2.0.0,1.4.1,2015-05-16T21:41:25+00:00,0,1.0,1,quick_patch,0.6,1,7940504
nyc,5.0.0,4.0.1,2015-12-10T07:08:40+00:00,0,4.0,1,quick_patch,0.6,1,7940504
nyc,7.0.0,6.6.1,2016-07-09T07:07:53+00:00,0,6.0,1,quick_patch,0.6,1,7940504
nyc,8.0.0-candidate,7.1.0,2016-08-12T06:10:48+00:00,0,2.0,1,quick_patch,0.6,1,7940504
nyc,9.0.0-candidate.1,8.4.0,2016-11-13T02:12:18+00:00,0,1.0,1,quick_patch,0.6,1,7940504
nyc,11.0.0-candidate.1,10.3.2,2017-05-27T22:07:31+00:00,0,4.0,1,quick_patch,0.6,1,7940504
nyc,14.0.0,13.3.0,2019-04-16T10:07:14+00:00,0,8.0,1,quick_patch,0.6,1,7940504
jest-jasmine2,11.0.0,10.0.2,2016-04-12T07:55:37+00:00,0,2.0,1,quick_patch,0.6,1,7822500
jest-jasmine2,13.0.0,12.1.0,2016-06-22T20:18:25+00:00,0,12.0,1,quick_patch,0.6,1,7822500
jest-jasmine2,17.0.0,16.0.2,2016-11-08T14:12:29+00:00,0,5.0,1,quick_patch,0.6,1,7822500
jest-jasmine2,18.0.0,17.0.3,2016-12-15T11:24:30+00:00,0,13.0,1,quick_patch,0.6,1,7822500
jest-jasmine2,19.0.0,18.1.0,2017-02-21T09:30:21+00:00,0,1.0,1,quick_patch,0.6,1,7822500
jest-jasmine2,20.0.0,19.0.2,2017-05-06T12:34:41+00:00,0,4.0,1,quick_patch,0.6,1,7822500
jest-jasmine2,21.0.0,20.1.0-echo.1,2017-09-04T15:02:13+00:00,0,3.0,1,quick_patch,0.6,1,7822500
jest-jasmine2,23.0.0-charlie.2,22.4.4,2018-05-15T09:52:19+00:00,0,12.0,1,quick_patch,0.6,1,7822500
jest-jasmine2,23.0.0-charlie.3,22.4.4,2018-05-22T15:00:13+00:00,0,5.0,1,quick_patch,0.6,1,7822500
jest-jasmine2,23.0.0-charlie.4,22.4.4,2018-05-23T10:42:55+00:00,0,4.0,1,quick_patch,0.6,1,7822500
fastify,2.0.0,1.14.6,2019-02-25T08:44:12+00:00,0,9.0,1,quick_patch,0.6,1,7761780
fastify,3.0.0,2.15.3,2020-07-07T15:55:29+00:00,0,3.0,1,quick_patch,0.6,1,7761780
fastify,4.0.0,3.29.5,2022-06-08T17:23:25+00:00,0,2.0,1,quick_patch,0.6,1,7761780
firebase,4.0.0,3.9.0,2017-05-17T20:03:11+00:00,0,13.0,1,quick_patch,0.6,1,7631041
firebase,7.0.0,6.6.2,2019-09-25T21:07:44+00:00,0,7.0,1,quick_patch,0.6,1,7631041
firebase,8.0.0,7.24.0,2020-10-26T20:15:28+00:00,0,10.0,1,quick_patch,0.6,1,7631041
firebase,9.0.0,8.10.1,2021-08-25T16:16:52+00:00,0,5.0,1,quick_patch,0.6,1,7631041
firebase,10.0.0,9.23.0,2023-07-07T02:50:32+00:00,0,13.0,1,quick_patch,0.6,1,7631041
firebase,11.0.0,10.14.1,2024-10-21T18:22:20+00:00,0,1.0,1,quick_patch,0.6,1,7631041
postcss-preset-env,2.0.0,1.0.0,2018-01-16T21:07:52+00:00,0,5.0,1,quick_patch,0.6,1,7589957
postcss-preset-env,3.0.0,2.2.0,2018-02-16T19:07:57+00:00,0,1.0,1,quick_patch,0.6,1,7589957
postcss-preset-env,5.0.0,4.1.0,2018-05-11T17:16:51+00:00,0,10.0,1,quick_patch,0.6,1,7589957
postcss-preset-env,7.0.0,6.7.2,2021-11-16T12:29:11+00:00,0,2.0,1,quick_patch,0.6,1,7589957
postcss-preset-env,8.0.0,7.8.3,2023-01-24T10:11:48+00:00,0,3.0,1,quick_patch,0.6,1,7589957
postcss-preset-env,10.0.0,9.6.0,2024-08-03T21:52:11+00:00,0,10.0,1,quick_patch,0.6,1,7589957
csv-stringify,5.0.0,4.3.1,2018-11-21T20:31:55+00:00,0,13.0,1,quick_patch,0.6,1,7575084
log4js,6.0.0,5.3.0,2019-11-12T21:33:23+00:00,0,6.0,1,quick_patch,0.6,1,7565105
p-filter,4.0.0,3.0.0,2023-12-22T16:01:50+00:00,0,5.0,1,quick_patch,0.6,1,7552096
delay,4.0.0,3.1.0,2018-09-03T04:01:06+00:00,0,7.0,1,quick_patch,0.6,1,7382846
eslint-config-airbnb-base,3.0.0,2.0.0,2016-05-07T18:05:14+00:00,0,1.0,1,quick_patch,0.6,1,7095442
eslint-config-airbnb-base,4.0.0,3.0.1,2016-07-05T20:03:18+00:00,0,9.0,1,quick_patch,0.6,1,7095442
eslint-config-airbnb-base,5.0.0,4.0.2,2016-07-24T17:30:24+00:00,0,5.0,1,quick_patch,0.6,1,7095442
eslint-config-airbnb-base,7.0.0,6.0.0,2016-09-06T22:35:06+00:00,0,3.0,1,quick_patch,0.6,1,7095442
node-html-parser,4.0.0,3.3.6,2021-07-06T01:10:48+00:00,0,7.0,1,quick_patch,0.6,1,7060072
node-html-parser,6.0.0,5.4.2,2022-09-08T00:19:48+00:00,0,11.0,1,quick_patch,0.6,1,7060072
less-loader,6.0.0,5.0.0,2020-04-24T16:35:26+00:00,0,12.0,1,quick_patch,0.6,1,7041872
less-loader,7.0.0,6.2.0,2020-08-25T11:47:37+00:00,0,9.0,1,quick_patch,0.6,1,7041872
less-loader,10.0.0,9.1.0,2021-06-17T12:58:53+00:00,0,14.0,1,quick_patch,0.6,1,7041872
less-loader,12.0.0,11.1.4,2024-01-15T14:13:14+00:00,0,4.0,1,quick_patch,0.6,1,7041872
better-sqlite3,8.0.0,7.6.2,2022-11-22T01:18:23+00:00,0,10.0,1,quick_patch,0.6,1,6944194
better-sqlite3,12.0.0,11.10.0,2025-06-21T20:34:02+00:00,0,2.0,1,quick_patch,0.6,1,6944194
canvas,3.0.0,2.11.2,2024-12-23T18:06:12+00:00,0,8.0,1,quick_patch,0.6,1,6845975
vue-router,2.0.0,0.7.13,2016-09-30T18:42:29+00:00,0,12.0,1,quick_patch,0.6,1,6565422
vue-router,3.0.0,2.8.1,2017-10-11T22:16:40+00:00,0,1.0,1,quick_patch,0.6,1,6565422
nock,1.0.0,0.59.1,2015-03-04T11:45:40+00:00,0,1.0,1,quick_patch,0.6,1,6367715
nock,3.0.0,2.18.2,2015-11-16T09:35:54+00:00,0,1.0,1,quick_patch,0.6,1,6367715
nock,4.0.0,3.6.0,2015-12-28T15:39:04+00:00,0,6.0,1,quick_patch,0.6,1,6367715
nock,5.0.0,4.1.0,2016-01-05T16:46:57+00:00,0,1.0,1,quick_patch,0.6,1,6367715
nock,6.0.0,5.5.0,2016-01-21T09:45:33+00:00,0,3.0,1,quick_patch,0.6,1,6367715
nock,7.0.0,6.0.1,2016-01-25T09:49:17+00:00,0,1.0,1,quick_patch,0.6,1,6367715
nock,9.0.0,8.2.2,2016-10-23T13:27:04+00:00,0,4.0,1,quick_patch,0.6,1,6367715
nock,11.0.0,10.0.6,2019-08-12T23:45:09+00:00,0,7.0,1,quick_patch,0.6,1,6367715
nock,12.0.0,11.9.1,2020-02-16T21:03:56+00:00,0,2.0,1,quick_patch,0.6,1,6367715
nock,14.0.0,13.5.6,2025-01-24T21:39:17+00:00,0,13.0,1,quick_patch,0.6,1,6367715
bootstrap,5.0.0,4.6.2,2021-05-05T19:45:46+00:00,0,7.0,1,quick_patch,0.6,1,6334665
pdf-lib,1.0.0,0.6.4,2019-07-27T23:05:00+00:00,0,7.0,1,quick_patch,0.6,1,6293702
eslint-plugin-promise,3.0.0,2.0.1,2016-10-07T23:58:26+00:00,0,10.0,1,quick_patch,0.6,1,6265802
eslint-plugin-promise,7.0.0,6.6.0,2024-07-24T05:08:23+00:00,0,13.0,1,quick_patch,0.6,1,6265802
ncp,1.0.0,0.6.0,2014-09-24T14:38:00+00:00,0,7.0,1,quick_patch,0.6,1,6165239
react-window,2.0.0,1.8.11,2025-08-28T23:35:41+00:00,0,2.0,1,quick_patch,0.6,1,6037144
tsup,4.0.0,3.12.1,2021-02-17T06:51:29+00:00,0,5.0,1,quick_patch,0.6,1,5866613
tsup,7.0.0,6.7.0,2023-06-16T09:58:26+00:00,0,8.0,1,quick_patch,0.6,1,5866613
tsup,8.0.0,7.3.0,2023-11-19T10:10:26+00:00,0,1.0,1,quick_patch,0.6,1,5866613
mongoose,1.0.0,0.0.6,2011-02-01T09:26:36+00:00,0,1.0,1,quick_patch,0.6,1,5518847
mongoose,3.0.0,2.9.10,2012-08-07T23:42:16+00:00,0,5.0,1,quick_patch,0.6,1,5518847
mongoose,4.0.0,3.9.7,2015-03-25T13:53:12+00:00,0,3.0,1,quick_patch,0.6,1,5518847
mongoose,5.0.0,4.13.21,2018-01-17T22:36:36+00:00,0,2.0,1,quick_patch,0.6,1,5518847
mongoose,6.0.0,5.13.23,2021-08-24T22:12:24+00:00,0,1.0,1,quick_patch,0.6,1,5518847
mongoose,7.0.0,6.13.9,2023-02-27T18:53:48+00:00,0,7.0,1,quick_patch,0.6,1,5518847
mongoose,9.0.0,8.24.0,2025-11-21T15:58:59+00:00,0,14.0,1,quick_patch,0.6,1,5518847
expo,15.0.0,14.0.2,2017-03-15T22:50:31+00:00,0,2.0,1,quick_patch,0.6,1,5486443
expo,18.0.0,17.0.0,2017-06-22T01:13:26+00:00,0,1.0,1,quick_patch,0.6,1,5486443
expo,19.0.0,18.0.9,2017-07-20T01:10:43+00:00,0,5.0,1,quick_patch,0.6,1,5486443
expo,22.0.0,21.0.3,2017-10-19T00:28:17+00:00,0,14.0,1,quick_patch,0.6,1,5486443
expo,23.0.0,22.1.0,2017-11-16T20:53:54+00:00,0,4.0,1,quick_patch,0.6,1,5486443
expo,24.0.0,23.1.1,2017-12-13T06:38:43+00:00,0,6.0,1,quick_patch,0.6,1,5486443
expo,30.0.0,29.0.1,2018-09-12T13:00:39+00:00,0,1.0,1,quick_patch,0.6,1,5486443
expo,31.0.0,30.0.2,2018-10-31T20:09:04+00:00,0,2.0,1,quick_patch,0.6,1,5486443
expo,32.0.0,31.0.6,2019-01-04T10:46:26+00:00,0,12.0,1,quick_patch,0.6,1,5486443
expo,36.0.0,35.0.1,2019-12-09T10:52:56+00:00,0,7.0,1,quick_patch,0.6,1,5486443
svelte,2.0.0,1.64.1,2018-04-19T13:06:49+00:00,0,1.0,1,quick_patch,0.6,1,5348288
svelte,3.0.0,2.16.1,2019-04-21T13:07:21+00:00,0,3.0,1,quick_patch,0.6,1,5348288
svelte,4.0.0,3.59.2,2023-06-22T13:36:42+00:00,0,6.0,1,quick_patch,0.6,1,5348288
relay-runtime,10.0.0,9.1.0,2020-07-13T19:23:21+00:00,0,10.0,1,quick_patch,0.6,1,5240852
relay-runtime,11.0.0,10.1.3,2021-03-09T14:52:23+00:00,0,14.0,1,quick_patch,0.6,1,5240852
relay-runtime,13.0.0,12.0.0,2022-01-06T19:41:47+00:00,0,3.0,1,quick_patch,0.6,1,5240852
superstruct,2.0.0,1.0.4,2024-07-03T20:27:48+00:00,0,2.0,1,quick_patch,0.6,1,5237239
fp-ts,1.0.0,0.6.8,2018-02-12T14:44:42+00:00,0,1.0,1,quick_patch,0.6,1,5112590
fp-ts,2.0.0,1.19.5,2019-07-01T14:50:02+00:00,0,3.0,1,quick_patch,0.6,1,5112590
inflection,1.0.0,0.0.1,2012-02-07T16:18:56+00:00,0,5.0,1,quick_patch,0.6,1,5108874
front-matter,4.0.0,3.2.1,2020-05-21T00:37:12+00:00,0,5.0,1,quick_patch,0.6,1,4931268
xstate,1.0.0,0.0.1,2017-08-24T04:55:42+00:00,0,8.0,1,quick_patch,0.6,1,4900073
xstate,2.0.0,1.2.1,2017-11-22T14:09:12+00:00,0,9.0,1,quick_patch,0.6,1,4900073
xstate,4.0.0,3.3.3,2018-10-29T12:56:41+00:00,0,1.0,1,quick_patch,0.6,1,4900073
xstate,5.0.0,4.38.3,2023-12-01T16:17:34+00:00,0,3.0,1,quick_patch,0.6,1,4900073
react-dnd,2.0.0,1.1.8,2015-10-14T23:21:32+00:00,0,5.0,1,quick_patch,0.6,1,4878026
react-dnd,7.0.0,6.0.0,2018-11-27T22:04:15+00:00,0,3.0,1,quick_patch,0.6,1,4878026
react-dnd,8.0.0,7.7.0,2019-06-14T22:26:28+00:00,0,3.0,1,quick_patch,0.6,1,4878026
react-dnd,11.0.0,10.0.2,2020-05-24T04:37:30+00:00,0,1.0,1,quick_patch,0.6,1,4878026
react-dnd,16.0.0,15.1.2,2022-04-05T17:47:54+00:00,0,14.0,1,quick_patch,0.6,1,4878026
npm-run-all,2.0.0,1.8.0,2016-05-11T11:36:27+00:00,0,2.0,1,quick_patch,0.6,1,4813640
npm-run-all,3.0.0,2.3.0,2016-08-17T13:24:42+00:00,0,14.0,1,quick_patch,0.6,1,4813640
is-object,1.0.0,0.1.2,2014-08-19T05:22:47+00:00,0,14.0,1,quick_patch,0.6,1,4697814
react-datepicker,1.0.0,0.64.0,2017-12-28T11:44:01+00:00,0,3.0,1,quick_patch,0.6,1,4603228
react-datepicker,4.0.0,3.8.0,2021-05-29T09:05:12+00:00,0,1.0,1,quick_patch,0.6,1,4603228
react-datepicker,5.0.0,4.25.0,2024-01-24T18:36:56+00:00,0,6.0,1,quick_patch,0.6,1,4603228
react-datepicker,6.0.0,5.1.0,2024-02-01T10:42:45+00:00,0,1.0,1,quick_patch,0.6,1,4603228
react-datepicker,7.0.0,6.9.0,2024-06-13T18:04:05+00:00,0,4.0,1,quick_patch,0.6,1,4603228
react-datepicker,9.0.0,8.10.0,2025-12-08T12:05:15+00:00,0,10.0,1,quick_patch,0.6,1,4603228
jotai,1.0.0,0.16.11,2021-06-14T14:45:26+00:00,0,9.0,1,quick_patch,0.6,1,4587457
jotai,2.0.0,1.13.1,2023-01-31T12:49:39+00:00,0,9.0,1,quick_patch,0.6,1,4587457
remark,3.0.0,0.1.0,2015-12-24T23:10:18+00:00,0,2.0,1,quick_patch,0.6,1,4334203
remark,4.0.0,3.2.3,2016-02-14T14:02:44+00:00,0,1.0,1,quick_patch,0.6,1,4334203
remark,6.0.0,5.1.0,2016-08-21T18:36:55+00:00,0,13.0,1,quick_patch,0.6,1,4334203
remark,11.0.0,10.0.1,2019-07-20T10:27:46+00:00,0,12.0,1,quick_patch,0.6,1,4334203
node-stream-zip,1.0.0,0.2.0,2015-02-23T08:32:30+00:00,0,5.0,1,quick_patch,0.6,1,4257472
mobx,2.0.0,0.0.0,2016-02-26T11:00:13+00:00,0,6.0,1,quick_patch,0.6,1,4144410
mobx,3.0.0,2.7.0,2017-01-09T19:49:21+00:00,0,6.0,1,quick_patch,0.6,1,4144410
mobx,5.0.0,4.15.7,2018-06-07T12:08:41+00:00,0,3.0,1,quick_patch,0.6,1,4144410
mobx,6.0.0,5.15.7,2020-09-30T15:55:40+00:00,0,5.0,1,quick_patch,0.6,1,4144410
mobx-react-lite,1.0.0,0.3.7,2019-02-06T20:08:34+00:00,0,7.0,1,quick_patch,0.6,1,4035806
electron,2.0.0,1.8.8,2018-05-01T20:46:57+00:00,0,14.0,1,quick_patch,0.6,1,4011047
electron,3.0.0,2.1.0-unsupported.20180809,2018-09-18T21:00:46+00:00,0,8.0,1,quick_patch,0.6,1,4011047
electron,4.0.0,3.1.13,2018-12-20T21:09:48+00:00,0,14.0,1,quick_patch,0.6,1,4011047
electron,5.0.0,4.2.12,2019-04-24T16:50:39+00:00,0,9.0,1,quick_patch,0.6,1,4011047
electron,6.0.0,5.0.13,2019-07-29T21:12:46+00:00,0,8.0,1,quick_patch,0.6,1,4011047
electron,7.0.0,6.1.12,2019-10-21T22:24:41+00:00,0,10.0,1,quick_patch,0.6,1,4011047
electron,8.0.0,7.3.3,2020-02-03T23:52:54+00:00,0,10.0,1,quick_patch,0.6,1,4011047
electron,9.0.0,8.5.5,2020-05-19T00:34:56+00:00,0,13.0,1,quick_patch,0.6,1,4011047
electron,10.0.0,9.4.4,2020-08-24T21:01:37+00:00,0,2.0,1,quick_patch,0.6,1,4011047
electron,12.0.0,11.5.0,2021-03-02T03:10:35+00:00,0,8.0,1,quick_patch,0.6,1,4011047
react-toastify,5.0.0,4.5.2,2019-04-08T18:37:35+00:00,0,2.0,1,quick_patch,0.6,1,3997006
react-toastify,7.0.0,6.2.0,2021-01-25T14:47:27+00:00,0,1.0,1,quick_patch,0.6,1,3997006
react-toastify,8.0.0,7.0.4,2021-08-26T20:54:28+00:00,0,1.0,1,quick_patch,0.6,1,3997006
react-toastify,9.0.0,8.2.0,2022-05-03T19:15:05+00:00,0,1.0,1,quick_patch,0.6,1,3997006
react-toastify,11.0.0,10.0.6,2024-12-16T23:02:47+00:00,0,1.0,1,quick_patch,0.6,1,3997006
pinia,2.0.0,0.5.4,2021-10-27T16:09:09+00:00,0,6.0,1,quick_patch,0.6,1,3767648
pinia,3.0.0,2.3.1,2025-02-11T14:59:25+00:00,0,1.0,1,quick_patch,0.6,1,3767648
c8,3.0.0-candidate.0,2.0.0,2018-09-08T22:53:26+00:00,0,1.0,1,quick_patch,0.6,1,3735339
c8,3.0.0-candidate.1,2.0.0,2018-09-08T23:37:04+00:00,0,1.0,1,quick_patch,0.6,1,3735339
c8,4.0.0-candidate.0,3.5.0,2019-04-29T07:11:14+00:00,0,2.0,1,quick_patch,0.6,1,3735339
c8,5.0.0,4.1.5,2019-05-20T21:47:24+00:00,0,2.0,1,quick_patch,0.6,1,3735339
c8,6.0.0,5.0.4,2019-10-24T06:14:21+00:00,0,2.0,1,quick_patch,0.6,1,3735339
c8,9.0.0,8.0.1,2024-01-03T17:56:13+00:00,0,8.0,1,quick_patch,0.6,1,3735339
c8,10.0.0,9.1.0,2024-06-10T15:33:26+00:00,0,1.0,1,quick_patch,0.6,1,3735339
rehype,13.0.0,12.0.1,2023-08-26T09:17:48+00:00,0,3.0,1,quick_patch,0.6,1,3722742
eslint-plugin-node,4.0.0,3.0.5,2017-02-05T20:12:52+00:00,0,3.0,1,quick_patch,0.6,1,3547357
react-helmet,2.0.0,1.1.5,2015-10-05T23:29:30+00:00,0,10.0,1,quick_patch,0.6,1,3515624
react-helmet,3.0.0,2.3.1,2016-03-25T01:33:25+00:00,0,10.0,1,quick_patch,0.6,1,3515624
react-helmet,5.0.0,4.0.0,2017-03-21T23:05:24+00:00,0,3.0,1,quick_patch,0.6,1,3515624
eslint-config-airbnb,2.0.0,1.0.2,2015-12-03T21:58:25+00:00,0,11.0,1,quick_patch,0.6,1,3502862
eslint-config-airbnb,3.0.0,2.1.1,2016-01-04T22:34:24+00:00,0,1.0,1,quick_patch,0.6,1,3502862
eslint-config-airbnb,5.0.0,4.0.0,2016-02-04T02:29:42+00:00,0,9.0,1,quick_patch,0.6,1,3502862
eslint-config-airbnb,9.0.0,8.0.0,2016-05-07T18:08:18+00:00,0,1.0,1,quick_patch,0.6,1,3502862
eslint-config-airbnb,10.0.0,9.0.1,2016-08-01T21:35:31+00:00,0,11.0,1,quick_patch,0.6,1,3502862
eslint-config-airbnb,11.0.0,10.0.1,2016-09-08T07:23:37+00:00,0,3.0,1,quick_patch,0.6,1,3502862
eslint-config-airbnb,15.0.0,14.1.0,2017-05-15T00:10:35+00:00,0,1.0,1,quick_patch,0.6,1,3502862
eslint-config-airbnb,16.0.0,15.1.0,2017-10-06T18:37:33+00:00,0,10.0,1,quick_patch,0.6,1,3502862
eslint-config-airbnb,18.0.0,17.1.1,2019-08-10T16:07:29+00:00,0,3.0,1,quick_patch,0.6,1,3502862
eslint-config-airbnb,19.0.0,18.2.1,2021-11-10T21:01:09+00:00,0,12.0,1,quick_patch,0.6,1,3502862
io-ts,1.0.0,0.9.8,2018-02-12T14:59:45+00:00,0,1.0,1,quick_patch,0.6,1,3256933
karma,1.0.0,0.13.22,2016-06-23T18:40:55+00:00,0,2.0,1,quick_patch,0.6,1,3217060
karma,6.0.0,5.2.3,2021-01-13T17:46:10+00:00,0,7.0,1,quick_patch,0.6,1,3217060
react-hot-toast,1.0.0,0.5.0,2020-12-18T19:42:39+00:00,0,3.0,1,quick_patch,0.6,1,3167912
pm2,2.0.0,1.1.3,2016-07-21T09:57:53+00:00,0,4.0,1,quick_patch,0.6,1,2996325
pm2,4.0.0,3.5.2,2019-10-11T13:14:48+00:00,0,2.0,1,quick_patch,0.6,1,2996325
mobx-react,4.0.0,3.5.9,2016-11-21T18:39:57+00:00,0,1.0,1,quick_patch,0.6,1,2935848
micro,1.0.0,0.9.16,2016-01-29T20:24:06+00:00,0,1.0,1,quick_patch,0.6,1,2813397
micro,4.0.0,3.0.0,2016-06-07T22:51:07+00:00,0,1.0,1,quick_patch,0.6,1,2813397
micro,5.0.0,4.1.1,2016-07-28T10:25:16+00:00,0,11.0,1,quick_patch,0.6,1,2813397
micro,7.0.0,6.2.1,2017-02-04T21:28:24+00:00,0,1.0,1,quick_patch,0.6,1,2813397
micro,10.0.0,9.4.1,2022-11-25T21:07:54+00:00,0,1.0,1,quick_patch,0.6,1,2813397
react-modal,1.0.0,0.6.1,2016-04-09T05:04:26+00:00,0,3.0,1,quick_patch,0.6,1,2765402
react-modal,3.0.0,2.4.1,2017-10-06T16:29:27+00:00,0,7.0,1,quick_patch,0.6,1,2765402
karma-jasmine,2.0.0,1.1.2,2018-11-15T00:43:34+00:00,0,1.0,1,quick_patch,0.6,1,2617563
karma-jasmine,3.0.0,2.0.1,2020-01-04T01:01:54+00:00,0,2.0,1,quick_patch,0.6,1,2617563
karma-jasmine,4.0.0,3.3.1,2020-08-11T17:00:38+00:00,0,1.0,1,quick_patch,0.6,1,2617563
solid-js,1.0.0,0.26.5,2021-06-28T05:32:22+00:00,0,10.0,1,quick_patch,0.6,1,2544978
sqlite3,3.0.0,2.2.7,2014-09-21T22:43:31+00:00,0,7.0,1,quick_patch,0.6,1,2512109
conventional-changelog,2.0.0,1.1.24,2018-05-29T14:28:10+00:00,0,8.0,1,quick_patch,0.6,1,2413192
conventional-changelog,5.0.0,4.0.0,2023-08-27T13:02:02+00:00,0,12.0,1,quick_patch,0.6,1,2413192
electron-builder,3.0.0,2.11.0,2016-03-23T09:36:47+00:00,0,1.0,1,quick_patch,0.6,1,2249378
electron-builder,4.0.0,3.27.0,2016-05-29T08:17:23+00:00,0,1.0,1,quick_patch,0.6,1,2249378
electron-builder,7.0.0,6.7.7,2016-09-16T19:44:39+00:00,0,1.0,1,quick_patch,0.6,1,2249378
electron-builder,10.0.0,9.2.0,2016-11-26T09:23:02+00:00,0,1.0,1,quick_patch,0.6,1,2249378
electron-builder,13.0.0,12.3.1,2017-02-04T08:06:58+00:00,0,3.0,1,quick_patch,0.6,1,2249378
electron-builder,15.0.0,14.5.3,2017-02-28T21:28:23+00:00,0,4.0,1,quick_patch,0.6,1,2249378
electron-builder,17.0.0,16.8.4,2017-04-15T10:32:17+00:00,0,1.0,1,quick_patch,0.6,1,2249378
electron-builder,20.0.0,19.56.2,2018-02-02T18:10:20+00:00,0,3.0,1,quick_patch,0.6,1,2249378
electron-builder,23.0.0,22.14.13,2022-02-19T15:43:20+00:00,0,5.0,1,quick_patch,0.6,1,2249378
tslint,3.0.0-dev.3,2.6.0-dev.2,2015-11-16T18:22:28+00:00,0,9.0,1,quick_patch,0.6,1,2135726
tslint,3.0.0,2.6.0-dev.2,2015-11-20T01:36:23+00:00,0,5.0,1,quick_patch,0.6,1,2135726
tslint,5.0.0,4.5.1-dev.0,2017-03-29T19:09:47+00:00,0,12.0,1,quick_patch,0.6,1,2135726
gulp,3.0.0,2.7.0,2013-12-08T01:15:27+00:00,0,1.0,1,quick_patch,0.6,1,2128243
mqtt,2.0.0,1.14.1,2016-09-15T14:26:29+00:00,0,11.0,1,quick_patch,0.6,1,2127794
mqtt,4.0.0,3.0.0,2020-04-27T17:07:37+00:00,0,9.0,1,quick_patch,0.6,1,2127794
mqtt,5.0.0,4.3.8,2023-07-25T15:42:32+00:00,0,6.0,1,quick_patch,0.6,1,2127794
react-tooltip,2.0.0,1.2.1,2016-04-29T01:10:07+00:00,0,14.0,1,quick_patch,0.6,1,2102715
react-tooltip,4.0.0,3.11.6,2020-02-07T01:24:16+00:00,0,2.0,1,quick_patch,0.6,1,2102715
react-tooltip,5.0.0,4.5.1,2022-12-07T12:30:43+00:00,0,5.0,1,quick_patch,0.6,1,2102715
react-tooltip,6.0.0,5.30.1,2026-04-22T22:02:30+00:00,0,14.0,1,quick_patch,0.6,1,2102715
react-table,3.0.0,2.2.7,2016-10-31T07:50:02+00:00,0,2.0,1,quick_patch,0.6,1,2030775
lerna,5.0.0,4.0.0,2022-05-24T15:43:46+00:00,0,14.0,1,quick_patch,0.6,1,1802383
lerna,6.0.0,5.6.2,2022-10-12T17:39:39+00:00,0,1.0,1,quick_patch,0.6,1,1802383
lerna,7.0.0,6.6.2,2023-06-08T13:19:38+00:00,0,4.0,1,quick_patch,0.6,1,1802383
react-virtualized,2.0.0,1.0.4,2015-12-04T16:57:35+00:00,0,6.0,1,quick_patch,0.6,1,1797996
react-virtualized,9.0.0,8.11.4,2017-02-17T05:19:15+00:00,0,3.0,1,quick_patch,0.6,1,1797996
valtio,1.0.0,0.8.2,2021-03-21T13:16:50+00:00,0,11.0,1,quick_patch,0.6,1,1777430
express-validator,1.0.0,0.8.0,2013-11-11T10:41:17+00:00,0,14.0,1,quick_patch,0.6,1,1730519
express-validator,4.0.0,3.2.1,2017-08-27T03:05:31+00:00,0,1.0,1,quick_patch,0.6,1,1730519
express-validator,5.0.0,4.3.0,2018-02-10T13:35:49+00:00,0,6.0,1,quick_patch,0.6,1,1730519
express-validator,6.0.0,5.3.1,2019-06-20T14:11:23+00:00,0,1.0,1,quick_patch,0.6,1,1730519
browserify,1.0.0,0.5.2,2011-06-09T05:45:42+00:00,0,12.0,1,quick_patch,0.6,1,1728739
browserify,3.0.0,2.36.1,2013-12-08T07:42:53+00:00,0,2.0,1,quick_patch,0.6,1,1728739
browserify,7.0.0,6.3.4,2014-12-04T10:02:51+00:00,0,10.0,1,quick_patch,0.6,1,1728739
browserify,10.0.0,9.0.8,2015-04-30T16:11:33+00:00,0,4.0,1,quick_patch,0.6,1,1728739
browserify,11.0.0,10.2.6,2015-07-17T08:27:03+00:00,0,12.0,1,quick_patch,0.6,1,1728739
browserify,12.0.0,11.2.0,2015-10-26T17:12:55+00:00,0,1.0,1,quick_patch,0.6,1,1728739
browserify,15.0.0,14.5.0,2018-01-04T18:52:01+00:00,0,6.0,1,quick_patch,0.6,1,1728739
browserify,16.0.0,15.2.0,2018-02-07T09:44:41+00:00,0,5.0,1,quick_patch,0.6,1,1728739
env-cmd,2.0.0,1.0.1,2016-08-17T21:36:27+00:00,0,1.0,1,quick_patch,0.6,1,1726482
env-cmd,8.0.0,7.0.0,2018-04-22T18:08:01+00:00,0,1.0,1,quick_patch,0.6,1,1726482
env-cmd,9.0.0,8.0.2,2019-05-04T21:04:13+00:00,0,1.0,1,quick_patch,0.6,1,1726482
redux-saga,1.0.0,0.16.2,2019-01-20T12:49:22+00:00,0,12.0,1,quick_patch,0.6,1,1698432
redux-persist,4.0.0,3.5.0,2016-12-18T19:37:21+00:00,0,1.0,1,quick_patch,0.6,1,1695170
config,1.0.0,0.4.37,2014-07-23T08:31:34+00:00,0,2.0,1,quick_patch,0.6,1,1655675
config,2.0.0,1.31.0,2018-07-27T00:28:03+00:00,0,3.0,1,quick_patch,0.6,1,1655675
cpy,9.0.0,8.1.2,2022-02-27T09:41:48+00:00,0,7.0,1,quick_patch,0.6,1,1641384
cpy,10.0.0,9.0.1,2023-05-02T18:30:07+00:00,0,7.0,1,quick_patch,0.6,1,1641384
cpy,12.0.0,11.1.0,2025-08-13T03:57:20+00:00,0,7.0,1,quick_patch,0.6,1,1641384
cpy,13.0.0,12.1.0,2026-02-02T06:55:40+00:00,0,2.0,1,quick_patch,0.6,1,1641384
lowdb,4.0.0,3.0.0,2022-10-17T23:34:19+00:00,0,4.0,1,quick_patch,0.6,1,1521962
lowdb,6.0.0,5.1.0,2023-04-19T00:54:03+00:00,0,9.0,1,quick_patch,0.6,1,1521962
compression-webpack-plugin,5.0.0,4.0.1,2020-08-17T15:10:09+00:00,0,4.0,1,quick_patch,0.6,1,1475822
compression-webpack-plugin,6.0.0,5.0.2,2020-09-14T15:59:38+00:00,0,1.0,1,quick_patch,0.6,1,1475822
serverless,2.0.0-9f5a0779,1.83.3,2020-09-10T12:47:55+00:00,0,6.0,1,quick_patch,0.6,1,1416616
serverless,2.0.0,1.83.3,2020-09-10T13:14:31+00:00,0,6.0,1,quick_patch,0.6,1,1416616
serverless,2.0.0-7c698bda,1.83.3,2020-09-10T14:31:14+00:00,0,5.0,1,quick_patch,0.6,1,1416616
serverless,2.0.0-16bae337,1.83.3,2020-09-10T14:54:44+00:00,0,5.0,1,quick_patch,0.6,1,1416616
serverless,2.0.0-4af57a51,1.83.3,2020-09-10T15:20:34+00:00,0,5.0,1,quick_patch,0.6,1,1416616
serverless,2.0.0-05627d62,1.83.3,2020-09-14T12:13:56+00:00,0,2.0,1,quick_patch,0.6,1,1416616
serverless,2.0.0-3177e40c,1.83.3,2020-09-14T12:15:55+00:00,0,2.0,1,quick_patch,0.6,1,1416616
serverless,2.0.0-6961b629,1.83.3,2020-09-14T13:03:19+00:00,0,2.0,1,quick_patch,0.6,1,1416616
serverless,2.0.0-1fb338b1,1.83.3,2020-09-14T13:46:46+00:00,0,2.0,1,quick_patch,0.6,1,1416616
postcss-cli,1.0.0,0.3.0,2015-03-22T15:55:07+00:00,0,6.0,1,quick_patch,0.6,1,1389370
postcss-cli,2.0.0,1.5.0,2015-08-24T14:45:21+00:00,0,8.0,1,quick_patch,0.6,1,1389370
postcss-cli,7.0.0,6.1.3,2020-01-07T16:37:36+00:00,0,1.0,1,quick_patch,0.6,1,1389370
postcss-cli,9.0.0,8.3.1,2021-09-24T16:39:57+00:00,0,3.0,1,quick_patch,0.6,1,1389370
jasmine,4.0.0,3.99.0,2022-01-01T21:07:56+00:00,0,2.0,1,quick_patch,0.6,1,1337084
mysql,2.0.0,0.9.6,2014-01-09T04:02:02+00:00,0,8.0,1,quick_patch,0.6,1,1317046
striptags,2.0.0,1.0.0,2015-01-17T21:54:53+00:00,0,13.0,1,quick_patch,0.6,1,1304706
striptags,3.0.0,2.2.1,2017-02-01T05:05:50+00:00,0,3.0,1,quick_patch,0.6,1,1304706
convict,1.0.0,0.8.2,2015-08-02T04:40:36+00:00,0,9.0,1,quick_patch,0.6,1,1228420
ng-packagr,3.0.0,2.4.5,2018-05-25T17:25:30+00:00,0,7.0,1,quick_patch,0.6,1,1183212
ng-packagr,4.0.0,3.0.6,2018-07-22T07:06:05+00:00,0,3.0,1,quick_patch,0.6,1,1183212
ng-packagr,9.0.0,5.7.1,2020-02-06T13:16:51+00:00,0,12.0,1,quick_patch,0.6,1,1183212
ng-packagr,10.0.0,9.1.5,2020-06-24T09:25:27+00:00,0,14.0,1,quick_patch,0.6,1,1183212
ng-packagr,12.0.0,11.2.4,2021-05-12T14:29:53+00:00,0,12.0,1,quick_patch,0.6,1,1183212
ng-packagr,13.0.0,12.2.7,2021-11-03T10:53:35+00:00,0,1.0,1,quick_patch,0.6,1,1183212
ng-packagr,14.0.0,13.3.1,2022-06-02T10:41:16+00:00,0,6.0,1,quick_patch,0.6,1,1183212
ng-packagr,15.0.0,14.3.0,2022-11-16T09:20:33+00:00,0,7.0,1,quick_patch,0.6,1,1183212
ng-packagr,16.0.0,15.2.2,2023-05-03T14:38:51+00:00,0,6.0,1,quick_patch,0.6,1,1183212
ng-packagr,17.0.0,16.2.3,2023-11-08T12:02:00+00:00,0,8.0,1,quick_patch,0.6,1,1183212
redux-logger,2.0.0,1.0.9,2015-09-25T05:18:49+00:00,0,4.0,1,quick_patch,0.6,1,1109050
redux-logger,3.0.0,2.10.2,2017-03-23T13:28:58+00:00,0,7.0,1,quick_patch,0.6,1,1109050
react-spring,6.0.0,5.9.2,2018-10-24T17:01:55+00:00,0,1.0,1,quick_patch,0.6,1,1047033
react-spring,7.0.0,6.1.10,2018-12-11T17:32:15+00:00,0,1.0,1,quick_patch,0.6,1,1047033
react-spring,10.0.0,9.7.5,2025-05-14T19:06:06+00:00,0,6.0,1,quick_patch,0.6,1,1047033
tape,2.0.0,1.1.2,2013-10-14T15:36:34+00:00,0,11.0,1,quick_patch,0.6,1,925362
urql,1.0.0,0.2.2,2019-02-15T19:16:41+00:00,0,1.0,1,quick_patch,0.6,1,893508
urql,2.0.0,1.11.6,2021-02-10T17:48:47+00:00,0,1.0,1,quick_patch,0.6,1,893508
snappy,5.0.0,4.1.2,2016-03-24T10:48:51+00:00,0,5.0,1,quick_patch,0.6,1,733968
serverless-offline,3.0.0,2.8.4,2016-10-18T08:14:53+00:00,0,4.0,1,quick_patch,0.6,1,689369
serverless-offline,4.0.0,3.33.0,2019-01-15T09:39:49+00:00,0,1.0,1,quick_patch,0.6,1,689369
serverless-offline,6.0.0,5.12.1,2020-03-19T10:55:58+00:00,0,5.0,1,quick_patch,0.6,1,689369
serverless-offline,9.0.0,8.8.1,2022-07-18T01:38:12+00:00,0,9.0,1,quick_patch,0.6,1,689369
serverless-offline,10.0.0,9.3.1,2022-09-03T20:08:10+00:00,0,6.0,1,quick_patch,0.6,1,689369
serverless-offline,11.0.0,10.3.2,2022-09-29T01:54:05+00:00,0,2.0,1,quick_patch,0.6,1,689369
serverless-offline,12.0.0,11.6.0,2022-12-03T19:43:23+00:00,0,3.0,1,quick_patch,0.6,1,689369
serverless-offline,13.0.0,12.0.4,2023-09-21T13:03:39+00:00,0,3.0,1,quick_patch,0.6,1,689369
commitlint,14.0.0,13.2.1,2021-10-26T04:56:03+00:00,0,6.0,1,quick_patch,0.6,1,651290
commitlint,16.0.0,15.0.0,2021-12-26T07:37:21+00:00,0,1.0,1,quick_patch,0.6,1,651290
commitlint,17.0.0,16.3.0,2022-05-16T10:33:04+00:00,0,8.0,1,quick_patch,0.6,1,651290
commitlint,18.0.0,17.8.1,2023-10-20T13:32:43+00:00,0,4.0,1,quick_patch,0.6,1,651290
commitlint,20.0.0,19.8.1,2025-09-25T12:59:14+00:00,0,4.0,1,quick_patch,0.6,1,651290
commitlint,21.0.0,20.5.3,2026-05-08T11:44:23+00:00,0,4.0,1,quick_patch,0.6,1,651290
watchify,1.0.0,0.10.2,2014-07-25T07:47:30+00:00,0,1.0,1,quick_patch,0.6,1,577012
ava,2.0.0,1.4.1,2019-06-01T11:56:55+00:00,0,9.0,1,quick_patch,0.6,1,573719
ava,3.0.0,2.4.0,2020-01-19T14:49:17+00:00,0,7.0,1,quick_patch,0.6,1,573719
ava,4.0.0,3.15.0,2022-01-03T17:49:48+00:00,0,4.0,1,quick_patch,0.6,1,573719
ava,6.0.0,5.3.1,2023-12-04T21:31:54+00:00,0,1.0,1,quick_patch,0.6,1,573719
apollo-client,1.0.0,0.10.1,2017-03-30T18:52:06+00:00,0,1.0,1,quick_patch,0.6,1,527865
standard,4.0.0,3.13.2,2015-05-30T05:39:50+00:00,0,2.0,1,quick_patch,0.6,1,477278
standard,5.0.0,4.5.4,2015-08-03T20:37:20+00:00,0,2.0,1,quick_patch,0.6,1,477278
standard,7.0.0,6.0.8,2016-05-02T14:14:24+00:00,0,2.0,1,quick_patch,0.6,1,477278
standard,9.0.0,8.6.0,2017-02-28T22:49:01+00:00,0,6.0,1,quick_patch,0.6,1,477278
standard,10.0.0,9.0.2,2017-04-05T01:05:46+00:00,0,1.0,1,quick_patch,0.6,1,477278
standard,12.0.0,11.0.1,2018-08-29T03:41:15+00:00,0,1.0,1,quick_patch,0.6,1,477278
standard,14.0.0,13.1.0,2019-08-19T20:35:28+00:00,0,3.0,1,quick_patch,0.6,1,477278
standard,15.0.0,14.3.4,2020-10-22T02:48:52+00:00,0,6.0,1,quick_patch,0.6,1,477278
standard,16.0.0,15.0.1,2020-10-29T05:36:28+00:00,0,1.0,1,quick_patch,0.6,1,477278
parcel,2.0.0-nightly.890,1.12.4,2021-10-25T00:45:26+00:00,0,14.0,1,quick_patch,0.6,1,387068
parcel,2.0.0-nightly.893,1.12.4,2021-10-27T00:41:15+00:00,0,12.0,1,quick_patch,0.6,1,387068
parcel,2.0.0-nightly.894,1.12.4,2021-10-28T00:40:16+00:00,0,11.0,1,quick_patch,0.6,1,387068
parcel,2.0.0-nightly.895,1.12.4,2021-10-30T00:43:07+00:00,0,9.0,1,quick_patch,0.6,1,387068
parcel,2.0.0-nightly.896,1.12.4,2021-11-01T00:41:35+00:00,0,7.0,1,quick_patch,0.6,1,387068
parcel,2.0.0-nightly.897,1.12.4,2021-11-02T00:44:51+00:00,0,6.0,1,quick_patch,0.6,1,387068
parcel,2.0.0-nightly.903,1.12.4,2021-11-03T00:44:36+00:00,0,5.0,1,quick_patch,0.6,1,387068
parcel,2.0.0-nightly.904,1.12.4,2021-11-05T00:43:25+00:00,0,3.0,1,quick_patch,0.6,1,387068
parcel,2.0.0-nightly.905,1.12.4,2021-11-06T00:42:19+00:00,0,2.0,1,quick_patch,0.6,1,387068
parcel,2.0.0-nightly.952,1.12.4,2021-12-26T00:55:58+00:00,0,10.0,1,quick_patch,0.6,1,387068
oclif,2.0.0,1.18.4,2021-12-01T14:10:52+00:00,0,7.0,1,quick_patch,0.6,1,318247
oclif,2.0.0-main.11,1.18.4,2021-12-01T15:13:21+00:00,0,7.0,1,quick_patch,0.6,1,318247
oclif,2.0.0-main.12,1.18.4,2021-12-06T16:45:06+00:00,0,2.0,1,quick_patch,0.6,1,318247
oclif,2.0.0-main.13,1.18.4,2021-12-07T19:30:18+00:00,0,1.0,1,quick_patch,0.6,1,318247
oclif,2.0.0-main.14,1.18.4,2021-12-07T20:37:15+00:00,0,1.0,1,quick_patch,0.6,1,318247
oclif,3.0.0,2.7.0,2022-04-13T16:19:05+00:00,0,5.0,1,quick_patch,0.6,1,318247
oclif,4.0.0,3.17.2,2023-10-06T17:35:33+00:00,0,3.0,1,quick_patch,0.6,1,318247
gatsby,3.0.0-v3rc.0,2.33.0-blazing-fast.27,2021-02-26T15:58:09+00:00,0,5.0,1,quick_patch,0.6,1,315646
gatsby,3.0.0-v3rc.1,2.33.0-blazing-fast.27,2021-02-26T18:46:00+00:00,0,5.0,1,quick_patch,0.6,1,315646
gatsby,3.0.0-v3rc.2,2.33.0-blazing-fast.27,2021-02-28T17:57:14+00:00,0,3.0,1,quick_patch,0.6,1,315646
gatsby,3.0.0-v3rc.3,2.33.0-blazing-fast.27,2021-03-01T14:52:01+00:00,0,2.0,1,quick_patch,0.6,1,315646
gatsby,3.0.0-v3rc.4,2.33.0-blazing-fast.27,2021-03-01T21:00:47+00:00,0,1.0,1,quick_patch,0.6,1,315646
gatsby,3.0.0-v3rc.5,2.33.0-blazing-fast.27,2021-03-02T09:26:20+00:00,0,1.0,1,quick_patch,0.6,1,315646
gatsby,3.0.0,2.33.0-blazing-fast.27,2021-03-02T10:43:04+00:00,0,1.0,1,quick_patch,0.6,1,315646
express-async-handler,1.0.0,0.0.2,2017-12-21T16:47:02+00:00,0,12.0,1,quick_patch,0.6,1,289850
serverless-webpack,3.0.0,2.2.3,2017-09-09T22:13:06+00:00,0,12.0,1,quick_patch,0.6,1,268252
serverless-webpack,5.0.0,4.4.0,2018-03-08T12:22:10+00:00,0,6.0,1,quick_patch,0.6,1,268252
xo,1.0.0,0.61.1,2025-05-23T12:15:48+00:00,0,6.0,1,quick_patch,0.6,1,210865
is-nil,1.0.0,0.0.0,2016-04-13T08:27:54+00:00,0,1.0,1,quick_patch,0.6,1,191953
forever,4.0.0,3.0.4,2021-06-01T09:21:00+00:00,0,11.0,1,quick_patch,0.6,1,141169
documentation,2.0.0,1.4.0,2015-06-25T15:47:29+00:00,0,7.0,1,quick_patch,0.6,1,129418
documentation,3.0.0,2.0.1,2015-10-30T20:18:10+00:00,0,3.0,1,quick_patch,0.6,1,129418
documentation,6.0.0,5.5.0,2018-03-02T06:29:01+00:00,0,5.0,1,quick_patch,0.6,1,129418
documentation,7.0.0,6.3.3,2018-05-22T03:48:16+00:00,0,4.0,1,quick_patch,0.6,1,129418
documentation,9.0.0,8.1.2,2018-12-10T01:05:25+00:00,0,7.0,1,quick_patch,0.6,1,129418
documentation,10.0.0,9.3.1,2019-04-18T16:53:14+00:00,0,6.0,1,quick_patch,0.6,1,129418
reset-css,4.0.0,3.0.0,2018-06-03T04:56:18+00:00,0,1.0,1,quick_patch,0.6,1,96587
reset-css,5.0.0,4.0.1,2019-10-15T19:10:42+00:00,0,3.0,1,quick_patch,0.6,1,96587
restify,1.0.0,0.5.7,2012-02-13T07:21:04+00:00,0,7.0,1,quick_patch,0.6,1,86000
restify,2.0.0,1.4.4,2012-12-30T00:36:19+00:00,0,2.0,1,quick_patch,0.6,1,86000
restify,3.0.0,2.8.5,2015-03-11T06:33:28+00:00,0,6.0,1,quick_patch,0.6,1,86000
restify,6.0.0,5.2.1,2017-09-15T17:36:30+00:00,0,3.0,1,quick_patch,0.6,1,86000
restify,7.0.0,6.4.0,2018-03-20T23:01:43+00:00,0,6.0,1,quick_patch,0.6,1,86000
restify,8.0.0,7.7.0,2019-02-20T21:30:11+00:00,0,14.0,1,quick_patch,0.6,1,86000
vuepress,1.0.0,0.14.11,2019-06-08T09:23:06+00:00,0,2.0,1,quick_patch,0.6,1,82589
gluegun,2.0.0,1.0.0,2018-12-19T19:24:24+00:00,0,1.0,1,quick_patch,0.6,1,70107
gluegun,4.0.0,3.3.5,2019-09-28T04:32:40+00:00,0,5.0,1,quick_patch,0.6,1,70107
gluegun,5.0.0,4.7.1,2022-01-21T20:23:27+00:00,0,13.0,1,quick_patch,0.6,1,70107
rxdb,2.0.0,1.7.7,2017-01-23T21:37:43+00:00,0,2.0,1,quick_patch,0.6,1,60386
rxdb,3.0.0,2.0.5,2017-02-27T16:42:33+00:00,0,2.0,1,quick_patch,0.6,1,60386
rxdb,4.0.0,3.0.8,2017-05-05T19:28:29+00:00,0,11.0,1,quick_patch,0.6,1,60386
rxdb,8.0.0,7.7.1,2018-09-18T20:15:10+00:00,0,2.0,1,quick_patch,0.6,1,60386
rxdb,11.0.0,10.5.4,2022-01-03T13:16:22+00:00,0,2.0,1,quick_patch,0.6,1,60386
rxdb,12.0.0,11.6.1,2022-04-26T00:19:53+00:00,0,2.0,1,quick_patch,0.6,1,60386
rxdb,13.0.0,12.7.16,2022-09-15T10:55:10+00:00,0,1.0,1,quick_patch,0.6,1,60386
rxdb,14.0.0,13.17.1,2023-02-08T15:46:58+00:00,0,5.0,1,quick_patch,0.6,1,60386
rxdb,15.0.0,14.17.1,2023-12-20T17:24:44+00:00,0,13.0,1,quick_patch,0.6,1,60386
rxdb,16.0.0,15.39.0,2025-01-02T12:13:47+00:00,0,9.0,1,quick_patch,0.6,1,60386
blake3,2.0.0,1.2.0,2020-01-20T03:27:38+00:00,0,4.0,1,quick_patch,0.6,1,58718
svg-captcha,1.0.0,0.9.4,2016-07-01T06:00:05+00:00,0,5.0,1,quick_patch,0.6,1,44374
primus,1.0.0,0.1.0,2013-07-05T08:20:42+00:00,0,3.0,1,quick_patch,0.6,1,22196
primus,2.0.0,1.5.2,2014-02-06T19:20:12+00:00,0,3.0,1,quick_patch,0.6,1,22196
primus,4.0.0,3.2.3,2015-10-05T13:00:54+00:00,0,13.0,1,quick_patch,0.6,1,22196
primus,5.0.0,4.0.5,2016-03-03T18:19:05+00:00,0,5.0,1,quick_patch,0.6,1,22196
primus,6.0.0,5.2.2,2016-07-24T06:01:20+00:00,0,5.0,1,quick_patch,0.6,1,22196
strip-ansi,1.0.0,unknown,2014-07-23T22:31:46.786Z,0,,0,high_exposure_major_bump,0.3,1,486120072
strip-ansi,2.0.0,unknown,2014-08-13T13:36:36.745Z,0,,0,high_exposure_major_bump,0.3,1,486120072
strip-ansi,3.0.0,unknown,2015-06-30T16:53:11.137Z,0,,0,high_exposure_major_bump,0.3,1,486120072
strip-ansi,4.0.0,unknown,2017-06-20T19:28:26.510Z,0,,0,high_exposure_major_bump,0.3,1,486120072
strip-ansi,5.0.0,unknown,2018-09-29T19:25:44.295Z,0,,0,high_exposure_major_bump,0.3,1,486120072
strip-ansi,6.0.0,unknown,2019-11-09T06:20:36.658Z,0,,0,high_exposure_major_bump,0.3,1,486120072
strip-ansi,7.0.0,unknown,2021-04-16T06:08:05.929Z,0,,0,high_exposure_major_bump,0.3,1,486120072
ms,1.0.0,unknown,2017-03-19T21:43:15.128Z,0,,0,high_exposure_major_bump,0.3,1,461306534
ms,2.0.0,unknown,2017-05-16T12:26:06.610Z,0,,0,high_exposure_major_bump,0.3,1,461306534
ms,4.0.0-nightly.202508270145,unknown,2025-08-27T01:45:30.567Z,0,,0,high_exposure_major_bump,0.3,1,461306534
ms,4.0.0-nightly.202508271358,unknown,2025-08-27T13:58:29.891Z,0,,0,high_exposure_major_bump,0.3,1,461306534
ms,4.0.0-nightly.202508271359,unknown,2025-08-27T14:00:01.232Z,0,,0,high_exposure_major_bump,0.3,1,461306534
ansi-regex,1.0.0,unknown,2014-08-13T13:29:14.050Z,0,,0,high_exposure_major_bump,0.3,1,451010036
ansi-regex,2.0.0,unknown,2015-06-30T16:07:19.279Z,0,,0,high_exposure_major_bump,0.3,1,451010036
ansi-regex,3.0.0,unknown,2017-06-20T19:03:33.464Z,0,,0,high_exposure_major_bump,0.3,1,451010036
ansi-regex,4.0.0,unknown,2018-09-18T08:18:58.129Z,0,,0,high_exposure_major_bump,0.3,1,451010036
ansi-regex,5.0.0,unknown,2019-10-04T11:29:13.830Z,0,,0,high_exposure_major_bump,0.3,1,451010036
ansi-regex,6.0.0,unknown,2021-04-16T06:02:15.282Z,0,,0,high_exposure_major_bump,0.3,1,451010036
chalk,1.0.0,unknown,2015-02-23T07:41:35.421Z,0,,0,high_exposure_major_bump,0.3,1,434613822
chalk,2.0.0,unknown,2017-06-29T23:49:22.932Z,0,,0,high_exposure_major_bump,0.3,1,434613822
chalk,3.0.0,unknown,2019-11-09T06:59:09.065Z,0,,0,high_exposure_major_bump,0.3,1,434613822
chalk,4.0.0,unknown,2020-04-02T08:20:33.785Z,0,,0,high_exposure_major_bump,0.3,1,434613822
chalk,5.0.0,unknown,2021-11-26T09:57:35.917Z,0,,0,high_exposure_major_bump,0.3,1,434613822
wrap-ansi,1.0.0,unknown,2015-10-13T05:08:13.341Z,0,,0,high_exposure_major_bump,0.3,1,383195456
wrap-ansi,2.0.0,unknown,2015-12-01T17:27:23.410Z,0,,0,high_exposure_major_bump,0.3,1,383195456
wrap-ansi,3.0.0,unknown,2017-07-23T11:27:48.128Z,0,,0,high_exposure_major_bump,0.3,1,383195456
wrap-ansi,4.0.0,unknown,2018-08-31T20:09:07.083Z,0,,0,high_exposure_major_bump,0.3,1,383195456
wrap-ansi,5.0.0,unknown,2019-03-03T06:38:34.939Z,0,,0,high_exposure_major_bump,0.3,1,383195456
wrap-ansi,6.0.0,unknown,2019-06-11T17:44:27.001Z,0,,0,high_exposure_major_bump,0.3,1,383195456
wrap-ansi,7.0.0,unknown,2020-04-22T16:53:23.889Z,0,,0,high_exposure_major_bump,0.3,1,383195456
wrap-ansi,8.0.0,unknown,2021-04-16T07:40:36.092Z,0,,0,high_exposure_major_bump,0.3,1,383195456
wrap-ansi,9.0.0,unknown,2023-10-28T17:40:34.341Z,0,,0,high_exposure_major_bump,0.3,1,383195456
wrap-ansi,10.0.0,unknown,2026-02-20T10:03:54.703Z,0,,0,high_exposure_major_bump,0.3,1,383195456
tslib,1.0.0,unknown,2016-06-28T00:46:05.835Z,0,,0,high_exposure_major_bump,0.3,1,381411917
tslib,2.0.0,unknown,2020-05-13T23:08:45.637Z,0,,0,high_exposure_major_bump,0.3,1,381411917
emoji-regex,1.0.0,unknown,2014-09-28T11:10:47.034Z,0,,0,high_exposure_major_bump,0.3,1,381010817
emoji-regex,2.0.0,unknown,2014-11-04T06:29:44.152Z,0,,0,high_exposure_major_bump,0.3,1,381010817
emoji-regex,3.0.0,unknown,2014-11-27T11:49:34.181Z,0,,0,high_exposure_major_bump,0.3,1,381010817
emoji-regex,4.0.0,unknown,2014-12-17T23:29:54.222Z,0,,0,high_exposure_major_bump,0.3,1,381010817
emoji-regex,5.0.0,unknown,2015-02-13T22:46:20.711Z,0,,0,high_exposure_major_bump,0.3,1,381010817
emoji-regex,6.0.0,unknown,2015-07-04T11:57:13.288Z,0,,0,high_exposure_major_bump,0.3,1,381010817
emoji-regex,7.0.0,unknown,2018-06-08T09:12:15.142Z,0,,0,high_exposure_major_bump,0.3,1,381010817
emoji-regex,8.0.0,unknown,2019-03-05T18:58:23.040Z,0,,0,high_exposure_major_bump,0.3,1,381010817
emoji-regex,9.0.0,unknown,2020-04-10T09:35:09.769Z,0,,0,high_exposure_major_bump,0.3,1,381010817
emoji-regex,10.0.0,unknown,2021-09-27T14:01:27.346Z,0,,0,high_exposure_major_bump,0.3,1,381010817
color-name,1.0.0,unknown,2014-12-15T19:08:24.911Z,0,,0,high_exposure_major_bump,0.3,1,309600967
color-name,2.0.0,unknown,2022-11-08T14:32:47.478Z,0,,0,high_exposure_major_bump,0.3,1,309600967
escape-string-regexp,1.0.0,unknown,2014-06-24T15:06:23.496Z,0,,0,high_exposure_major_bump,0.3,1,296022320
escape-string-regexp,2.0.0,unknown,2019-04-17T07:49:09.559Z,0,,0,high_exposure_major_bump,0.3,1,296022320
escape-string-regexp,3.0.0,unknown,2020-04-07T16:29:46.974Z,0,,0,high_exposure_major_bump,0.3,1,296022320
escape-string-regexp,4.0.0,unknown,2020-04-23T07:31:25.491Z,0,,0,high_exposure_major_bump,0.3,1,296022320
escape-string-regexp,5.0.0,unknown,2021-04-17T15:45:50.334Z,0,,0,high_exposure_major_bump,0.3,1,296022320
has-flag,1.0.0,unknown,2015-07-07T22:43:54.339Z,0,,0,high_exposure_major_bump,0.3,1,282189492
has-flag,2.0.0,unknown,2016-04-11T15:47:58.270Z,0,,0,high_exposure_major_bump,0.3,1,282189492
has-flag,3.0.0,unknown,2018-01-02T19:21:56.098Z,0,,0,high_exposure_major_bump,0.3,1,282189492
has-flag,4.0.0,unknown,2019-04-06T15:49:21.907Z,0,,0,high_exposure_major_bump,0.3,1,282189492
has-flag,5.0.0,unknown,2021-04-16T07:50:13.326Z,0,,0,high_exposure_major_bump,0.3,1,282189492
which,1.0.0,unknown,2011-08-07T18:36:17.514Z,0,,0,high_exposure_major_bump,0.3,1,275285300
which,2.0.0,unknown,2019-10-03T22:52:08.445Z,0,,0,high_exposure_major_bump,0.3,1,275285300
which,3.0.0,unknown,2022-11-01T19:20:24.475Z,0,,0,high_exposure_major_bump,0.3,1,275285300
which,4.0.0,unknown,2023-08-29T18:39:57.339Z,0,,0,high_exposure_major_bump,0.3,1,275285300
which,5.0.0,unknown,2024-10-01T18:02:58.779Z,0,,0,high_exposure_major_bump,0.3,1,275285300
which,6.0.0,unknown,2025-11-10T17:25:39.784Z,0,,0,high_exposure_major_bump,0.3,1,275285300
which,7.0.0,unknown,2026-05-08T18:30:58.733Z,0,,0,high_exposure_major_bump,0.3,1,275285300
yallist,1.0.0,unknown,2015-12-18T08:02:25.789Z,0,,0,high_exposure_major_bump,0.3,1,264834981
yallist,2.0.0,unknown,2015-12-19T19:55:29.661Z,0,,0,high_exposure_major_bump,0.3,1,264834981
yallist,3.0.0,unknown,2017-03-13T16:56:52.633Z,0,,0,high_exposure_major_bump,0.3,1,264834981
yallist,4.0.0,unknown,2019-09-30T20:08:08.970Z,0,,0,high_exposure_major_bump,0.3,1,264834981
yallist,5.0.0,unknown,2024-04-09T19:21:44.844Z,0,,0,high_exposure_major_bump,0.3,1,264834981
p-locate,1.0.0,unknown,2016-11-20T10:07:34.210Z,0,,0,high_exposure_major_bump,0.3,1,262494615
p-locate,2.0.0,unknown,2016-11-28T05:25:21.460Z,0,,0,high_exposure_major_bump,0.3,1,262494615
p-locate,3.0.0,unknown,2018-06-15T12:47:57.897Z,0,,0,high_exposure_major_bump,0.3,1,262494615
p-locate,4.0.0,unknown,2019-03-12T09:46:24.520Z,0,,0,high_exposure_major_bump,0.3,1,262494615
p-locate,5.0.0,unknown,2020-08-10T17:42:34.692Z,0,,0,high_exposure_major_bump,0.3,1,262494615
p-locate,6.0.0,unknown,2021-08-25T11:56:43.294Z,0,,0,high_exposure_major_bump,0.3,1,262494615
p-locate,7.0.0,unknown,2026-02-03T07:57:49.916Z,0,,0,high_exposure_major_bump,0.3,1,262494615
signal-exit,1.0.0,unknown,2015-05-16T06:45:54.221Z,0,,0,high_exposure_major_bump,0.3,1,241376502
signal-exit,2.0.0,unknown,2015-05-25T09:53:31.879Z,0,,0,high_exposure_major_bump,0.3,1,241376502
signal-exit,3.0.0-candidate,unknown,2016-06-10T16:14:07.934Z,0,,0,high_exposure_major_bump,0.3,1,241376502
signal-exit,3.0.0,unknown,2016-06-13T22:35:49.825Z,0,,0,high_exposure_major_bump,0.3,1,241376502
signal-exit,4.0.0,unknown,2023-04-16T00:32:53.803Z,0,,0,high_exposure_major_bump,0.3,1,241376502
is-fullwidth-code-point,1.0.0,unknown,2015-07-16T22:00:18.162Z,0,,0,high_exposure_major_bump,0.3,1,237908352
is-fullwidth-code-point,2.0.0,unknown,2016-09-22T06:42:49.558Z,0,,0,high_exposure_major_bump,0.3,1,237908352
is-fullwidth-code-point,3.0.0,unknown,2019-03-18T08:09:05.035Z,0,,0,high_exposure_major_bump,0.3,1,237908352
is-fullwidth-code-point,4.0.0,unknown,2021-04-16T05:49:23.535Z,0,,0,high_exposure_major_bump,0.3,1,237908352
is-fullwidth-code-point,5.0.0,unknown,2023-10-28T13:20:15.377Z,0,,0,high_exposure_major_bump,0.3,1,237908352
@babel/code-frame,7.0.0,unknown,2018-08-27T21:42:00.298Z,0,,0,high_exposure_major_bump,0.3,1,189755589
shebang-command,1.0.0,unknown,2015-12-04T12:34:38.703Z,0,,0,high_exposure_major_bump,0.3,1,187630822
shebang-command,2.0.0,unknown,2019-09-06T14:53:25.901Z,0,,0,high_exposure_major_bump,0.3,1,187630822
@babel/parser,7.0.0,unknown,2018-08-27T21:41:34.522Z,0,,0,high_exposure_major_bump,0.3,1,174803607
@babel/types,7.0.0,unknown,2018-08-27T21:41:54.223Z,0,,0,high_exposure_major_bump,0.3,1,173318798
is-number,1.0.0,unknown,2015-01-24T10:16:54.470Z,0,,0,high_exposure_major_bump,0.3,1,165128672
is-number,2.0.0,unknown,2015-05-02T08:11:57.926Z,0,,0,high_exposure_major_bump,0.3,1,165128672
is-number,3.0.0,unknown,2016-09-11T00:51:30.912Z,0,,0,high_exposure_major_bump,0.3,1,165128672
is-number,4.0.0,unknown,2017-10-17T05:43:56.559Z,0,,0,high_exposure_major_bump,0.3,1,165128672
is-number,5.0.0,unknown,2018-01-29T03:06:41.225Z,0,,0,high_exposure_major_bump,0.3,1,165128672
is-number,6.0.0,unknown,2018-03-31T17:02:39.953Z,0,,0,high_exposure_major_bump,0.3,1,165128672
is-number,7.0.0,unknown,2018-07-04T15:08:58.238Z,0,,0,high_exposure_major_bump,0.3,1,165128672
is-stream,1.0.0,unknown,2015-01-18T18:59:27.432Z,0,,0,high_exposure_major_bump,0.3,1,156579210
is-stream,2.0.0,unknown,2019-04-20T17:02:37.870Z,0,,0,high_exposure_major_bump,0.3,1,156579210
is-stream,3.0.0,unknown,2021-08-10T10:52:14.251Z,0,,0,high_exposure_major_bump,0.3,1,156579210
is-stream,4.0.0,unknown,2024-02-19T19:05:05.233Z,0,,0,high_exposure_major_bump,0.3,1,156579210
@babel/generator,7.0.0,unknown,2018-08-27T21:42:00.539Z,0,,0,high_exposure_major_bump,0.3,1,151471812
@babel/runtime,7.0.0,unknown,2018-08-27T21:41:49.806Z,0,,0,high_exposure_major_bump,0.3,1,147357666
@babel/traverse,7.0.0,unknown,2018-08-27T21:44:40.640Z,0,,0,high_exposure_major_bump,0.3,1,147132653
node-fetch,1.0.0,unknown,2015-01-27T17:38:21.770Z,0,,0,high_exposure_major_bump,0.3,1,146005130
node-fetch,2.0.0,unknown,2018-02-03T20:34:24.774Z,0,,0,high_exposure_major_bump,0.3,1,146005130
node-fetch,3.0.0,unknown,2021-08-31T16:22:24.563Z,0,,0,high_exposure_major_bump,0.3,1,146005130
@babel/template,7.0.0,unknown,2018-08-27T21:44:17.393Z,0,,0,high_exposure_major_bump,0.3,1,138901003
@babel/helpers,7.0.0,unknown,2018-08-27T21:44:53.510Z,0,,0,high_exposure_major_bump,0.3,1,129014118
csstype,1.0.0,unknown,2017-09-24T22:14:25.900Z,0,,0,high_exposure_major_bump,0.3,1,127667187
csstype,2.0.0,unknown,2018-03-19T09:23:50.404Z,0,,0,high_exposure_major_bump,0.3,1,127667187
csstype,3.0.0,unknown,2020-07-29T18:48:04.859Z,0,,0,high_exposure_major_bump,0.3,1,127667187
minimist,1.0.0,unknown,2014-08-11T01:08:53.376Z,0,,0,high_exposure_major_bump,0.3,1,126032421
make-dir,1.0.0,unknown,2017-05-09T18:34:33.547Z,0,,0,high_exposure_major_bump,0.3,1,124724495
make-dir,2.0.0,unknown,2019-02-04T05:37:29.131Z,0,,0,high_exposure_major_bump,0.3,1,124724495
make-dir,3.0.0,unknown,2019-04-01T09:27:30.052Z,0,,0,high_exposure_major_bump,0.3,1,124724495
make-dir,4.0.0,unknown,2023-06-23T11:54:08.292Z,0,,0,high_exposure_major_bump,0.3,1,124724495
make-dir,5.0.0,unknown,2024-05-02T16:08:54.358Z,0,,0,high_exposure_major_bump,0.3,1,124724495
mime,1.0.0,unknown,2011-01-20T16:27:31.008Z,0,,0,high_exposure_major_bump,0.3,1,124236248
mime,2.0.0,unknown,2017-09-13T00:04:24.258Z,0,,0,high_exposure_major_bump,0.3,1,124236248
mime,3.0.0,unknown,2021-11-03T00:50:48.131Z,0,,0,high_exposure_major_bump,0.3,1,124236248
mime,4.0.0,unknown,2023-11-29T14:27:31.170Z,0,,0,high_exposure_major_bump,0.3,1,124236248
kind-of,1.0.0,unknown,2015-01-19T06:07:32.305Z,0,,0,high_exposure_major_bump,0.3,1,119946781
kind-of,2.0.0,unknown,2015-05-31T20:36:45.457Z,0,,0,high_exposure_major_bump,0.3,1,119946781
kind-of,3.0.0,unknown,2015-11-17T11:20:13.444Z,0,,0,high_exposure_major_bump,0.3,1,119946781
kind-of,4.0.0,unknown,2017-05-19T18:23:12.030Z,0,,0,high_exposure_major_bump,0.3,1,119946781
kind-of,5.0.0,unknown,2017-06-21T20:53:54.320Z,0,,0,high_exposure_major_bump,0.3,1,119946781
kind-of,6.0.0,unknown,2017-10-13T10:24:49.302Z,0,,0,high_exposure_major_bump,0.3,1,119946781
fast-levenshtein,1.0.0,unknown,2013-04-18T05:57:15.181Z,0,,0,high_exposure_major_bump,0.3,1,119045101
fast-levenshtein,2.0.0,unknown,2016-08-26T06:23:35.146Z,0,,0,high_exposure_major_bump,0.3,1,119045101
fast-levenshtein,3.0.0,unknown,2020-07-22T14:26:22.114Z,0,,0,high_exposure_major_bump,0.3,1,119045101
ini,1.0.0,unknown,2011-08-07T07:05:12.514Z,0,,0,high_exposure_major_bump,0.3,1,113962371
ini,2.0.0,unknown,2020-12-11T23:07:02.892Z,0,,0,high_exposure_major_bump,0.3,1,113962371
ini,3.0.0,unknown,2022-04-05T17:11:17.789Z,0,,0,high_exposure_major_bump,0.3,1,113962371
ini,4.0.0,unknown,2023-03-21T19:00:13.031Z,0,,0,high_exposure_major_bump,0.3,1,113962371
ini,5.0.0,unknown,2024-09-04T21:50:18.492Z,0,,0,high_exposure_major_bump,0.3,1,113962371
ini,6.0.0,unknown,2025-10-22T15:24:55.354Z,0,,0,high_exposure_major_bump,0.3,1,113962371
ini,7.0.0,unknown,2026-05-08T18:36:26.841Z,0,,0,high_exposure_major_bump,0.3,1,113962371
body-parser,1.0.0,unknown,2014-01-06T08:25:15.060Z,0,,0,high_exposure_major_bump,0.3,1,108966011
body-parser,2.0.0,unknown,2024-09-10T03:31:12.521Z,0,,0,high_exposure_major_bump,0.3,1,108966011
prettier,1.0.0,unknown,2017-04-13T16:31:12.234Z,0,,0,high_exposure_major_bump,0.3,1,106515826
prettier,2.0.0,unknown,2020-03-21T19:59:43.613Z,0,,0,high_exposure_major_bump,0.3,1,106515826
prettier,3.0.0,unknown,2023-07-05T12:44:13.820Z,0,,0,high_exposure_major_bump,0.3,1,106515826
clsx,1.0.0,unknown,2018-12-25T09:17:37.860Z,0,,0,high_exposure_major_bump,0.3,1,101647268
clsx,2.0.0,unknown,2023-07-15T23:58:53.464Z,0,,0,high_exposure_major_bump,0.3,1,101647268
is-plain-obj,1.0.0,unknown,2015-07-11T11:16:03.296Z,0,,0,high_exposure_major_bump,0.3,1,100528613
is-plain-obj,2.0.0,unknown,2019-04-20T07:56:16.602Z,0,,0,high_exposure_major_bump,0.3,1,100528613
is-plain-obj,3.0.0,unknown,2020-10-12T22:19:37.844Z,0,,0,high_exposure_major_bump,0.3,1,100528613
is-plain-obj,4.0.0,unknown,2021-04-16T19:09:27.160Z,0,,0,high_exposure_major_bump,0.3,1,100528613
require-directory,1.0.0,unknown,2012-12-16T16:30:54.518Z,0,,0,high_exposure_major_bump,0.3,1,99582513
require-directory,2.0.0,unknown,2014-07-29T02:17:35.323Z,0,,0,high_exposure_major_bump,0.3,1,99582513
write-file-atomic,1.0.0,unknown,2014-09-10T23:26:27.142Z,0,,0,high_exposure_major_bump,0.3,1,92062110
write-file-atomic,2.0.0,unknown,2017-04-26T23:40:28.497Z,0,,0,high_exposure_major_bump,0.3,1,92062110
write-file-atomic,3.0.0,unknown,2019-05-24T19:20:20.733Z,0,,0,high_exposure_major_bump,0.3,1,92062110
write-file-atomic,4.0.0,unknown,2022-01-18T20:57:49.368Z,0,,0,high_exposure_major_bump,0.3,1,92062110
write-file-atomic,5.0.0,unknown,2022-10-14T05:22:38.937Z,0,,0,high_exposure_major_bump,0.3,1,92062110
write-file-atomic,6.0.0,unknown,2024-09-25T17:36:47.579Z,0,,0,high_exposure_major_bump,0.3,1,92062110
write-file-atomic,7.0.0,unknown,2025-10-22T15:27:11.654Z,0,,0,high_exposure_major_bump,0.3,1,92062110
write-file-atomic,8.0.0,unknown,2026-05-08T18:30:27.965Z,0,,0,high_exposure_major_bump,0.3,1,92062110
pako,1.0.0,unknown,2016-02-17T09:18:02.220Z,0,,0,high_exposure_major_bump,0.3,1,86205078
pako,2.0.0,unknown,2020-11-17T07:26:32.152Z,0,,0,high_exposure_major_bump,0.3,1,86205078
lilconfig,1.0.0,unknown,2020-07-26T00:14:41.901Z,0,,0,high_exposure_major_bump,0.3,1,85954225
lilconfig,2.0.0,unknown,2020-09-20T14:38:11.360Z,0,,0,high_exposure_major_bump,0.3,1,85954225
lilconfig,3.0.0,unknown,2023-11-18T23:26:59.320Z,0,,0,high_exposure_major_bump,0.3,1,85954225
is-regex,1.0.0,unknown,2014-05-19T07:26:17.660Z,0,,0,high_exposure_major_bump,0.3,1,84023518
escape-html,1.0.0,unknown,2013-05-30T15:28:48.920Z,0,,0,high_exposure_major_bump,0.3,1,84018204
p-map,1.0.0,unknown,2016-10-21T03:44:11.145Z,0,,0,high_exposure_major_bump,0.3,1,83096476
p-map,2.0.0,unknown,2018-09-17T15:59:19.208Z,0,,0,high_exposure_major_bump,0.3,1,83096476
p-map,3.0.0,unknown,2019-07-13T15:47:35.679Z,0,,0,high_exposure_major_bump,0.3,1,83096476
p-map,4.0.0,unknown,2020-03-05T08:42:45.749Z,0,,0,high_exposure_major_bump,0.3,1,83096476
p-map,5.0.0,unknown,2021-04-17T18:11:39.631Z,0,,0,high_exposure_major_bump,0.3,1,83096476
p-map,6.0.0,unknown,2023-04-22T09:02:10.957Z,0,,0,high_exposure_major_bump,0.3,1,83096476
p-map,7.0.0,unknown,2023-12-05T12:25:34.094Z,0,,0,high_exposure_major_bump,0.3,1,83096476
log-symbols,1.0.0,unknown,2014-07-10T00:55:11.397Z,0,,0,high_exposure_major_bump,0.3,1,82935650
log-symbols,2.0.0,unknown,2017-07-19T17:09:14.271Z,0,,0,high_exposure_major_bump,0.3,1,82935650
log-symbols,3.0.0,unknown,2019-04-17T15:46:56.791Z,0,,0,high_exposure_major_bump,0.3,1,82935650
log-symbols,4.0.0,unknown,2020-04-26T10:47:36.370Z,0,,0,high_exposure_major_bump,0.3,1,82935650
log-symbols,5.0.0,unknown,2021-04-18T05:13:04.243Z,0,,0,high_exposure_major_bump,0.3,1,82935650
log-symbols,6.0.0,unknown,2023-10-22T19:38:10.487Z,0,,0,high_exposure_major_bump,0.3,1,82935650
log-symbols,7.0.0,unknown,2024-08-17T11:33:34.950Z,0,,0,high_exposure_major_bump,0.3,1,82935650
p-try,1.0.0,unknown,2016-10-21T06:16:43.459Z,0,,0,high_exposure_major_bump,0.3,1,81784493
p-try,2.0.0,unknown,2018-06-14T17:10:59.660Z,0,,0,high_exposure_major_bump,0.3,1,81784493
p-try,3.0.0,unknown,2021-10-04T16:19:43.327Z,0,,0,high_exposure_major_bump,0.3,1,81784493
tar-stream,1.0.0,unknown,2014-09-24T04:14:50.529Z,0,,0,high_exposure_major_bump,0.3,1,77253769
tar-stream,2.0.0,unknown,2019-02-04T09:47:42.806Z,0,,0,high_exposure_major_bump,0.3,1,77253769
tar-stream,3.0.0,unknown,2022-12-11T19:23:17.192Z,0,,0,high_exposure_major_bump,0.3,1,77253769
node-addon-api,1.0.0,unknown,2017-09-27T13:28:45.780Z,0,,0,high_exposure_major_bump,0.3,1,77016230
node-addon-api,2.0.0,unknown,2019-11-28T12:19:08.099Z,0,,0,high_exposure_major_bump,0.3,1,77016230
node-addon-api,3.0.0,unknown,2020-04-30T00:21:18.730Z,0,,0,high_exposure_major_bump,0.3,1,77016230
node-addon-api,4.0.0,unknown,2021-06-15T13:27:27.332Z,0,,0,high_exposure_major_bump,0.3,1,77016230
node-addon-api,5.0.0,unknown,2022-05-02T10:51:50.672Z,0,,0,high_exposure_major_bump,0.3,1,77016230
node-addon-api,6.0.0,unknown,2023-02-10T17:22:59.896Z,0,,0,high_exposure_major_bump,0.3,1,77016230
node-addon-api,7.0.0,unknown,2023-06-15T13:55:48.692Z,0,,0,high_exposure_major_bump,0.3,1,77016230
node-addon-api,8.0.0,unknown,2024-03-05T07:02:28.228Z,0,,0,high_exposure_major_bump,0.3,1,77016230
sax,1.0.0,unknown,2015-04-21T01:49:35.272Z,0,,0,high_exposure_major_bump,0.3,1,75986796
nopt,1.0.0,unknown,2011-03-30T03:23:56.092Z,0,,0,high_exposure_major_bump,0.3,1,71996363
nopt,2.0.0,unknown,2012-07-23T22:36:57.179Z,0,,0,high_exposure_major_bump,0.3,1,71996363
nopt,3.0.0,unknown,2014-06-06T20:36:37.144Z,0,,0,high_exposure_major_bump,0.3,1,71996363
nopt,4.0.0,unknown,2016-12-13T23:38:42.368Z,0,,0,high_exposure_major_bump,0.3,1,71996363
nopt,5.0.0,unknown,2020-08-17T08:06:31.528Z,0,,0,high_exposure_major_bump,0.3,1,71996363
nopt,6.0.0,unknown,2022-07-20T21:18:14.824Z,0,,0,high_exposure_major_bump,0.3,1,71996363
nopt,7.0.0,unknown,2022-11-02T14:33:36.290Z,0,,0,high_exposure_major_bump,0.3,1,71996363
nopt,8.0.0,unknown,2024-09-04T22:12:31.585Z,0,,0,high_exposure_major_bump,0.3,1,71996363
nopt,9.0.0,unknown,2025-10-22T15:27:15.422Z,0,,0,high_exposure_major_bump,0.3,1,71996363
nopt,10.0.0,unknown,2026-05-15T18:46:05.681Z,0,,0,high_exposure_major_bump,0.3,1,71996363
is-symbol,1.0.0,unknown,2015-01-24T22:13:24.626Z,0,,0,high_exposure_major_bump,0.3,1,71925406
is-string,1.0.0,unknown,2015-01-29T08:31:52.824Z,0,,0,high_exposure_major_bump,0.3,1,70881621
is-plain-object,1.0.0,unknown,2015-02-25T07:49:39.188Z,0,,0,high_exposure_major_bump,0.3,1,68590824
is-plain-object,2.0.0,unknown,2015-04-29T12:57:28.225Z,0,,0,high_exposure_major_bump,0.3,1,68590824
is-plain-object,3.0.0,unknown,2019-04-30T20:53:56.159Z,0,,0,high_exposure_major_bump,0.3,1,68590824
is-plain-object,4.0.0,unknown,2020-07-21T00:09:53.219Z,0,,0,high_exposure_major_bump,0.3,1,68590824
is-plain-object,5.0.0,unknown,2020-09-09T16:30:03.627Z,0,,0,high_exposure_major_bump,0.3,1,68590824
abbrev,2.0.0,unknown,2022-11-01T16:39:45.574Z,0,,0,high_exposure_major_bump,0.3,1,65358672
abbrev,3.0.0,unknown,2024-09-24T19:01:56.100Z,0,,0,high_exposure_major_bump,0.3,1,65358672
abbrev,4.0.0,unknown,2025-10-20T18:51:05.929Z,0,,0,high_exposure_major_bump,0.3,1,65358672
abbrev,5.0.0,unknown,2026-05-08T18:39:06.918Z,0,,0,high_exposure_major_bump,0.3,1,65358672
vitest,1.0.0,unknown,2023-12-04T15:47:15.220Z,0,,0,high_exposure_major_bump,0.3,1,61521134
vitest,2.0.0,unknown,2024-07-08T11:39:43.049Z,0,,0,high_exposure_major_bump,0.3,1,61521134
vitest,3.0.0,unknown,2025-01-16T14:08:03.742Z,0,,0,high_exposure_major_bump,0.3,1,61521134
vitest,4.0.0,unknown,2025-10-22T14:09:46.450Z,0,,0,high_exposure_major_bump,0.3,1,61521134
type-detect,1.0.0,unknown,2015-04-05T18:22:47.718Z,0,,0,high_exposure_major_bump,0.3,1,58157601
type-detect,2.0.0,unknown,2016-03-13T19:30:55.502Z,0,,0,high_exposure_major_bump,0.3,1,58157601
type-detect,3.0.0,unknown,2016-10-08T23:50:12.335Z,0,,0,high_exposure_major_bump,0.3,1,58157601
type-detect,4.0.0,unknown,2016-10-10T14:15:24.553Z,0,,0,high_exposure_major_bump,0.3,1,58157601
isobject,1.0.0,unknown,2015-02-25T07:31:11.279Z,0,,0,high_exposure_major_bump,0.3,1,56659456
isobject,2.0.0,unknown,2015-07-21T00:26:07.119Z,0,,0,high_exposure_major_bump,0.3,1,56659456
isobject,3.0.0,unknown,2016-12-01T21:33:49.315Z,0,,0,high_exposure_major_bump,0.3,1,56659456
isobject,4.0.0,unknown,2019-04-28T10:09:13.577Z,0,,0,high_exposure_major_bump,0.3,1,56659456
react-transition-group,1.0.0,unknown,2016-12-09T15:48:32.497Z,0,,0,high_exposure_major_bump,0.3,1,54906590
react-transition-group,2.0.0,unknown,2017-07-06T20:13:02.462Z,0,,0,high_exposure_major_bump,0.3,1,54906590
react-transition-group,3.0.0,unknown,2019-04-15T13:52:59.183Z,0,,0,high_exposure_major_bump,0.3,1,54906590
react-transition-group,4.0.0,unknown,2019-04-16T17:53:34.417Z,0,,0,high_exposure_major_bump,0.3,1,54906590
leven,1.0.0,unknown,2014-08-09T20:36:43.382Z,0,,0,high_exposure_major_bump,0.3,1,53995640
leven,2.0.0,unknown,2015-09-07T08:47:31.501Z,0,,0,high_exposure_major_bump,0.3,1,53995640
leven,3.0.0,unknown,2019-03-12T06:00:52.366Z,0,,0,high_exposure_major_bump,0.3,1,53995640
leven,4.0.0,unknown,2021-08-10T12:17:03.365Z,0,,0,high_exposure_major_bump,0.3,1,53995640
playwright,1.0.0,unknown,2020-05-06T13:28:18.735Z,0,,0,high_exposure_major_bump,0.3,1,53214789
dayjs,1.0.0,unknown,2018-04-10T01:31:28.371Z,0,,0,high_exposure_major_bump,0.3,1,51821399
is-buffer,1.0.0,unknown,2014-10-31T01:58:42.247Z,0,,0,high_exposure_major_bump,0.3,1,47147196
is-buffer,2.0.0,unknown,2018-01-29T07:43:20.568Z,0,,0,high_exposure_major_bump,0.3,1,47147196
set-blocking,1.0.0,unknown,2016-05-14T21:44:13.754Z,0,,0,high_exposure_major_bump,0.3,1,41134126
set-blocking,2.0.0,unknown,2016-05-17T22:59:27.619Z,0,,0,high_exposure_major_bump,0.3,1,41134126
wcwidth,1.0.0,unknown,2014-08-11T04:13:18.361Z,0,,0,high_exposure_major_bump,0.3,1,40634242
@babel/preset-env,7.0.0,unknown,2018-08-27T21:45:28.266Z,0,,0,high_exposure_major_bump,0.3,1,40325313
eslint-plugin-prettier,1.0.0,unknown,2017-01-26T04:15:55.798Z,0,,0,high_exposure_major_bump,0.3,1,39194700
eslint-plugin-prettier,2.0.0,unknown,2017-01-28T20:14:49.070Z,0,,0,high_exposure_major_bump,0.3,1,39194700
eslint-plugin-prettier,3.0.0,unknown,2018-10-01T06:12:59.827Z,0,,0,high_exposure_major_bump,0.3,1,39194700
eslint-plugin-prettier,4.0.0,unknown,2021-08-30T19:52:29.922Z,0,,0,high_exposure_major_bump,0.3,1,39194700
eslint-plugin-prettier,5.0.0,unknown,2023-07-11T07:45:44.838Z,0,,0,high_exposure_major_bump,0.3,1,39194700
p-retry,1.0.0,unknown,2016-10-21T07:50:24.250Z,0,,0,high_exposure_major_bump,0.3,1,38285921
p-retry,2.0.0,unknown,2018-04-26T19:51:21.523Z,0,,0,high_exposure_major_bump,0.3,1,38285921
p-retry,3.0.0,unknown,2018-12-12T15:13:25.041Z,0,,0,high_exposure_major_bump,0.3,1,38285921
p-retry,4.0.0,unknown,2019-03-11T04:52:00.041Z,0,,0,high_exposure_major_bump,0.3,1,38285921
p-retry,5.0.0,unknown,2021-11-03T19:13:12.990Z,0,,0,high_exposure_major_bump,0.3,1,38285921
p-retry,6.0.0,unknown,2023-08-24T16:58:15.128Z,0,,0,high_exposure_major_bump,0.3,1,38285921
p-retry,7.0.0,unknown,2025-08-21T10:22:48.657Z,0,,0,high_exposure_major_bump,0.3,1,38285921
p-retry,8.0.0,unknown,2026-03-26T16:08:04.940Z,0,,0,high_exposure_major_bump,0.3,1,38285921
he,1.0.0,unknown,2016-04-05T19:51:06.638Z,0,,0,high_exposure_major_bump,0.3,1,37700389
@babel/preset-typescript,7.0.0,unknown,2018-08-27T21:44:34.201Z,0,,0,high_exposure_major_bump,0.3,1,36578353
compression,1.0.0,unknown,2014-01-01T23:38:49.435Z,0,,0,high_exposure_major_bump,0.3,1,35144387
consola,1.0.0,unknown,2018-03-31T17:20:02.238Z,0,,0,high_exposure_major_bump,0.3,1,35140126
consola,2.0.0,unknown,2018-11-02T19:13:16.906Z,0,,0,high_exposure_major_bump,0.3,1,35140126
consola,3.0.0,unknown,2023-04-11T01:16:42.709Z,0,,0,high_exposure_major_bump,0.3,1,35140126
cheerio,1.0.0,unknown,2024-08-09T19:01:41.740Z,0,,0,high_exposure_major_bump,0.3,1,34498755
moment,1.0.0,unknown,2011-12-06T18:33:55.051Z,0,,0,high_exposure_major_bump,0.3,1,33763236
moment,2.0.0,unknown,2013-02-08T19:13:31.027Z,0,,0,high_exposure_major_bump,0.3,1,33763236
damerau-levenshtein,1.0.0,unknown,2016-02-25T21:55:25.274Z,0,,0,high_exposure_major_bump,0.3,1,33101109
@babel/highlight,7.0.0,unknown,2018-08-27T21:41:28.183Z,0,,0,high_exposure_major_bump,0.3,1,27760312
extract-zip,1.0.0,unknown,2014-10-17T07:21:00.197Z,0,,0,high_exposure_major_bump,0.3,1,26969289
extract-zip,2.0.0,unknown,2020-03-28T00:01:40.160Z,0,,0,high_exposure_major_bump,0.3,1,26969289
@babel/plugin-transform-runtime,7.0.0,unknown,2018-08-27T21:44:12.575Z,0,,0,high_exposure_major_bump,0.3,1,26005490
@babel/preset-react,7.0.0,unknown,2018-08-27T21:44:32.209Z,0,,0,high_exposure_major_bump,0.3,1,24967017
hash.js,1.0.0,unknown,2015-01-05T20:50:34.271Z,0,,0,high_exposure_major_bump,0.3,1,24472531
bindings,1.0.0,unknown,2012-07-18T18:49:12.866Z,0,,0,high_exposure_major_bump,0.3,1,23090984
redux-thunk,1.0.0,unknown,2015-09-17T17:36:45.457Z,0,,0,high_exposure_major_bump,0.3,1,22015360
redux-thunk,3.0.0,unknown,2023-12-04T04:19:29.644Z,0,,0,high_exposure_major_bump,0.3,1,22015360
aproba,1.0.0,unknown,2015-02-27T18:11:19.818Z,0,,0,high_exposure_major_bump,0.3,1,21682245
aproba,2.0.0,unknown,2018-05-22T21:29:46.504Z,0,,0,high_exposure_major_bump,0.3,1,21682245
style-loader,1.0.0,unknown,2019-08-06T09:51:57.236Z,0,,0,high_exposure_major_bump,0.3,1,21438160
style-loader,2.0.0,unknown,2020-10-09T12:50:08.471Z,0,,0,high_exposure_major_bump,0.3,1,21438160
style-loader,3.0.0,unknown,2021-06-24T18:42:39.228Z,0,,0,high_exposure_major_bump,0.3,1,21438160
style-loader,4.0.0,unknown,2024-04-08T17:04:35.634Z,0,,0,high_exposure_major_bump,0.3,1,21438160
fecha,1.0.0,unknown,2015-09-06T18:17:41.339Z,0,,0,high_exposure_major_bump,0.3,1,21415843
fecha,2.0.0,unknown,2016-03-01T13:05:32.677Z,0,,0,high_exposure_major_bump,0.3,1,21415843
fecha,3.0.0,unknown,2018-11-01T05:48:44.185Z,0,,0,high_exposure_major_bump,0.3,1,21415843
fecha,4.0.0,unknown,2020-01-17T13:43:08.425Z,0,,0,high_exposure_major_bump,0.3,1,21415843
loglevel,1.0.0,unknown,2014-08-03T12:28:39.439Z,0,,0,high_exposure_major_bump,0.3,1,18246498
crypto-js,4.0.0,unknown,2020-02-12T11:57:55.651Z,0,,0,high_exposure_major_bump,0.3,1,16581790
throat,1.0.0,unknown,2013-07-27T01:28:08.597Z,0,,0,high_exposure_major_bump,0.3,1,15960812
throat,2.0.0,unknown,2015-02-14T11:40:40.469Z,0,,0,high_exposure_major_bump,0.3,1,15960812
throat,3.0.0,unknown,2016-06-01T10:43:48.228Z,0,,0,high_exposure_major_bump,0.3,1,15960812
throat,4.0.0,unknown,2017-06-20T10:06:37.243Z,0,,0,high_exposure_major_bump,0.3,1,15960812
throat,5.0.0,unknown,2019-05-24T14:34:04.404Z,0,,0,high_exposure_major_bump,0.3,1,15960812
throat,6.0.0,unknown,2021-01-20T14:39:03.205Z,0,,0,high_exposure_major_bump,0.3,1,15960812
md5,1.0.0,unknown,2012-05-13T00:00:30.935Z,0,,0,high_exposure_major_bump,0.3,1,14971562
md5,2.0.0,unknown,2015-07-15T21:33:44.776Z,0,,0,high_exposure_major_bump,0.3,1,14971562
create-hash,1.0.0,unknown,2015-01-14T13:04:23.530Z,0,,0,high_exposure_major_bump,0.3,1,13874090
hmac-drbg,1.0.0,unknown,2017-02-22T21:23:50.501Z,0,,0,high_exposure_major_bump,0.3,1,13427691
qrcode,1.0.0,unknown,2017-11-08T09:57:16.452Z,0,,0,high_exposure_major_bump,0.3,1,12706525
needle,1.0.0,unknown,2016-02-02T21:12:23.092Z,0,,0,high_exposure_major_bump,0.3,1,12212831
needle,2.0.0,unknown,2017-08-09T17:11:07.752Z,0,,0,high_exposure_major_bump,0.3,1,12212831
needle,3.0.0,unknown,2021-08-27T15:56:27.690Z,0,,0,high_exposure_major_bump,0.3,1,12212831
file-loader,1.0.0,unknown,2017-07-26T21:43:45.697Z,0,,0,high_exposure_major_bump,0.3,1,11963569
file-loader,2.0.0,unknown,2018-08-21T19:43:40.108Z,0,,0,high_exposure_major_bump,0.3,1,11963569
file-loader,3.0.0,unknown,2018-12-20T15:06:20.001Z,0,,0,high_exposure_major_bump,0.3,1,11963569
file-loader,4.0.0,unknown,2019-06-05T12:59:48.253Z,0,,0,high_exposure_major_bump,0.3,1,11963569
file-loader,5.0.0,unknown,2019-11-25T12:43:58.215Z,0,,0,high_exposure_major_bump,0.3,1,11963569
file-loader,6.0.0,unknown,2020-03-17T12:07:35.273Z,0,,0,high_exposure_major_bump,0.3,1,11963569
create-hmac,1.0.0,unknown,2015-01-14T13:15:35.764Z,0,,0,high_exposure_major_bump,0.3,1,11926226
yup,1.0.0,unknown,2023-02-08T14:29:08.348Z,0,,0,high_exposure_major_bump,0.3,1,11573339
morgan,1.0.0,unknown,2014-02-08T19:19:24.247Z,0,,0,high_exposure_major_bump,0.3,1,11112080
papaparse,4.0.0,unknown,2014-11-19T00:27:01.754Z,0,,0,high_exposure_major_bump,0.3,1,10801648
papaparse,5.0.0,unknown,2019-05-30T16:52:52.092Z,0,,0,high_exposure_major_bump,0.3,1,10801648
isomorphic-fetch,1.0.0,unknown,2014-11-07T21:18:22.127Z,0,,0,high_exposure_major_bump,0.3,1,10120589
isomorphic-fetch,2.0.0,unknown,2015-02-10T21:22:56.987Z,0,,0,high_exposure_major_bump,0.3,1,10120589
isomorphic-fetch,3.0.0,unknown,2020-09-23T07:27:09.864Z,0,,0,high_exposure_major_bump,0.3,1,10120589
brotli,1.0.0,unknown,2014-09-29T04:12:37.886Z,0,,0,high_exposure_major_bump,0.3,1,9925561
aws-sdk,1.0.0,unknown,2013-05-06T21:06:11.659Z,0,,0,high_exposure_major_bump,0.3,1,9549804
cookie-parser,1.0.0,unknown,2014-02-15T16:25:08.464Z,0,,0,high_exposure_major_bump,0.3,1,9502664
fast-csv,1.0.0,unknown,2016-01-05T21:11:09.228Z,0,,0,high_exposure_major_bump,0.3,1,9377543
fast-csv,2.0.0,unknown,2016-04-28T15:12:39.036Z,0,,0,high_exposure_major_bump,0.3,1,9377543
fast-csv,3.0.0,unknown,2019-06-11T01:29:50.969Z,0,,0,high_exposure_major_bump,0.3,1,9377543
fast-csv,4.0.0,unknown,2019-12-26T22:02:51.630Z,0,,0,high_exposure_major_bump,0.3,1,9377543
fast-csv,5.0.0,unknown,2024-01-13T16:39:31.208Z,0,,0,high_exposure_major_bump,0.3,1,9377543
cli-progress,1.0.0,unknown,2015-12-13T17:56:55.421Z,0,,0,high_exposure_major_bump,0.3,1,8379258
cli-progress,2.0.0,unknown,2018-05-20T08:18:55.582Z,0,,0,high_exposure_major_bump,0.3,1,8379258
cli-progress,3.0.0,unknown,2019-08-11T09:26:17.799Z,0,,0,high_exposure_major_bump,0.3,1,8379258
toml,1.0.0,unknown,2013-08-17T22:13:30.517Z,0,,0,high_exposure_major_bump,0.3,1,7987200
toml,2.0.0,unknown,2014-02-23T20:58:14.089Z,0,,0,high_exposure_major_bump,0.3,1,7987200
toml,3.0.0,unknown,2019-01-30T20:23:30.440Z,0,,0,high_exposure_major_bump,0.3,1,7987200
toml,4.0.0,unknown,2026-03-31T15:58:25.939Z,0,,0,high_exposure_major_bump,0.3,1,7987200
koa,1.0.0,unknown,2015-08-22T22:18:12.021Z,0,,0,high_exposure_major_bump,0.3,1,7928389
koa,2.0.0,unknown,2016-03-23T18:16:30.024Z,0,,0,high_exposure_major_bump,0.3,1,7928389
koa,3.0.0,unknown,2025-04-28T00:38:39.175Z,0,,0,high_exposure_major_bump,0.3,1,7928389
p-reduce,1.0.0,unknown,2016-10-21T04:24:28.119Z,0,,0,high_exposure_major_bump,0.3,1,7206909
p-reduce,2.0.0,unknown,2019-03-12T05:12:38.774Z,0,,0,high_exposure_major_bump,0.3,1,7206909
p-reduce,3.0.0,unknown,2021-04-08T18:18:57.037Z,0,,0,high_exposure_major_bump,0.3,1,7206909
webpack-hot-middleware,1.0.0-dev,unknown,2015-05-03T17:26:33.277Z,0,,0,high_exposure_major_bump,0.3,1,6692229
webpack-hot-middleware,1.0.0,unknown,2015-05-07T09:35:44.243Z,0,,0,high_exposure_major_bump,0.3,1,6692229
webpack-hot-middleware,2.0.0,unknown,2015-08-23T13:53:02.883Z,0,,0,high_exposure_major_bump,0.3,1,6692229
gray-matter,1.0.0,unknown,2014-12-05T06:03:22.374Z,0,,0,high_exposure_major_bump,0.3,1,6525439
gray-matter,2.0.0,unknown,2015-03-26T04:47:43.944Z,0,,0,high_exposure_major_bump,0.3,1,6525439
gray-matter,3.0.0,unknown,2017-06-30T09:10:16.573Z,0,,0,high_exposure_major_bump,0.3,1,6525439
gray-matter,4.0.0,unknown,2018-04-02T03:34:46.178Z,0,,0,high_exposure_major_bump,0.3,1,6525439
url-loader,1.0.0,unknown,2018-03-03T03:19:02.219Z,0,,0,high_exposure_major_bump,0.3,1,6075252
url-loader,2.0.0,unknown,2019-06-05T15:39:52.785Z,0,,0,high_exposure_major_bump,0.3,1,6075252
url-loader,3.0.0,unknown,2019-11-26T11:43:04.615Z,0,,0,high_exposure_major_bump,0.3,1,6075252
url-loader,4.0.0,unknown,2020-03-17T12:48:45.203Z,0,,0,high_exposure_major_bump,0.3,1,6075252
p-each-series,1.0.0,unknown,2016-10-21T04:59:17.323Z,0,,0,high_exposure_major_bump,0.3,1,5250640
p-each-series,2.0.0,unknown,2019-03-15T07:40:42.680Z,0,,0,high_exposure_major_bump,0.3,1,5250640
p-each-series,3.0.0,unknown,2021-04-09T05:36:15.993Z,0,,0,high_exposure_major_bump,0.3,1,5250640
is-function,1.0.0,unknown,2014-01-07T21:22:42.817Z,0,,0,high_exposure_major_bump,0.3,1,5099972
into-stream,1.0.0,unknown,2015-05-29T22:54:01.783Z,0,,0,high_exposure_major_bump,0.3,1,5005424
into-stream,2.0.0,unknown,2015-06-27T09:40:21.637Z,0,,0,high_exposure_major_bump,0.3,1,5005424
into-stream,3.0.0,unknown,2016-08-27T09:48:32.230Z,0,,0,high_exposure_major_bump,0.3,1,5005424
into-stream,4.0.0,unknown,2018-10-12T08:51:08.826Z,0,,0,high_exposure_major_bump,0.3,1,5005424
into-stream,5.0.0,unknown,2019-03-11T05:18:04.183Z,0,,0,high_exposure_major_bump,0.3,1,5005424
into-stream,6.0.0,unknown,2020-08-13T17:39:23.206Z,0,,0,high_exposure_major_bump,0.3,1,5005424
into-stream,7.0.0,unknown,2021-04-16T07:01:52.610Z,0,,0,high_exposure_major_bump,0.3,1,5005424
into-stream,8.0.0,unknown,2023-05-26T18:18:37.191Z,0,,0,high_exposure_major_bump,0.3,1,5005424
into-stream,9.0.0,unknown,2025-09-09T22:20:18.994Z,0,,0,high_exposure_major_bump,0.3,1,5005424
xss,1.0.0,unknown,2018-05-24T07:11:15.935Z,0,,0,high_exposure_major_bump,0.3,1,4851907
typeorm,1.0.0-nightly.20260218,unknown,2026-02-18T03:06:49.666Z,0,,0,high_exposure_major_bump,0.3,1,4688043
typeorm,1.0.0-nightly.20260219,unknown,2026-02-19T03:05:50.808Z,0,,0,high_exposure_major_bump,0.3,1,4688043
typeorm,1.0.0-nightly.20260220,unknown,2026-02-20T03:03:44.678Z,0,,0,high_exposure_major_bump,0.3,1,4688043
typeorm,1.0.0-nightly.20260222,unknown,2026-02-22T03:06:17.610Z,0,,0,high_exposure_major_bump,0.3,1,4688043
typeorm,1.0.0-nightly.20260223,unknown,2026-02-23T03:07:29.004Z,0,,0,high_exposure_major_bump,0.3,1,4688043
typeorm,1.0.0-nightly.20260224,unknown,2026-02-24T03:05:04.764Z,0,,0,high_exposure_major_bump,0.3,1,4688043
typeorm,1.0.0-nightly.20260225,unknown,2026-02-25T03:05:51.180Z,0,,0,high_exposure_major_bump,0.3,1,4688043
typeorm,1.0.0-nightly.20260302,unknown,2026-03-02T03:03:29.259Z,0,,0,high_exposure_major_bump,0.3,1,4688043
typeorm,1.0.0-nightly.20260303,unknown,2026-03-03T03:05:16.648Z,0,,0,high_exposure_major_bump,0.3,1,4688043
typeorm,1.0.0-nightly.20260305,unknown,2026-03-05T03:02:40.410Z,0,,0,high_exposure_major_bump,0.3,1,4688043
typeorm,1.0.0-nightly.20260306,unknown,2026-03-06T03:02:31.973Z,0,,0,high_exposure_major_bump,0.3,1,4688043
typeorm,1.0.0-nightly.20260307,unknown,2026-03-07T02:55:16.542Z,0,,0,high_exposure_major_bump,0.3,1,4688043
typeorm,1.0.0-nightly.20260308,unknown,2026-03-08T03:04:37.575Z,0,,0,high_exposure_major_bump,0.3,1,4688043
typeorm,1.0.0-nightly.20260309,unknown,2026-03-09T03:06:04.912Z,0,,0,high_exposure_major_bump,0.3,1,4688043
typeorm,1.0.0-nightly.20260310,unknown,2026-03-10T03:01:09.712Z,0,,0,high_exposure_major_bump,0.3,1,4688043
typeorm,1.0.0-nightly.20260311,unknown,2026-03-11T03:00:20.414Z,0,,0,high_exposure_major_bump,0.3,1,4688043
typeorm,1.0.0-nightly.20260313,unknown,2026-03-13T03:01:58.180Z,0,,0,high_exposure_major_bump,0.3,1,4688043
typeorm,1.0.0-nightly.20260314,unknown,2026-03-14T03:00:45.416Z,0,,0,high_exposure_major_bump,0.3,1,4688043
typeorm,1.0.0-nightly.20260315,unknown,2026-03-15T03:08:25.804Z,0,,0,high_exposure_major_bump,0.3,1,4688043
typeorm,1.0.0-nightly.20260316,unknown,2026-03-16T03:09:54.160Z,0,,0,high_exposure_major_bump,0.3,1,4688043
typeorm,1.0.0-nightly.20260317,unknown,2026-03-17T03:04:24.250Z,0,,0,high_exposure_major_bump,0.3,1,4688043
typeorm,1.0.0-nightly.20260318,unknown,2026-03-18T03:07:34.682Z,0,,0,high_exposure_major_bump,0.3,1,4688043
typeorm,1.0.0-nightly.20260319,unknown,2026-03-19T03:07:34.064Z,0,,0,high_exposure_major_bump,0.3,1,4688043
typeorm,1.0.0-nightly.20260320,unknown,2026-03-20T03:03:00.030Z,0,,0,high_exposure_major_bump,0.3,1,4688043
typeorm,1.0.0-nightly.20260321,unknown,2026-03-21T02:58:20.134Z,0,,0,high_exposure_major_bump,0.3,1,4688043
typeorm,1.0.0-nightly.20260322,unknown,2026-03-22T03:07:31.670Z,0,,0,high_exposure_major_bump,0.3,1,4688043
typeorm,1.0.0-nightly.20260323,unknown,2026-03-23T03:08:54.244Z,0,,0,high_exposure_major_bump,0.3,1,4688043
typeorm,1.0.0-nightly.20260324,unknown,2026-03-24T03:04:23.628Z,0,,0,high_exposure_major_bump,0.3,1,4688043
typeorm,1.0.0-nightly.20260325,unknown,2026-03-25T03:06:36.978Z,0,,0,high_exposure_major_bump,0.3,1,4688043
typeorm,1.0.0-nightly.20260326,unknown,2026-03-26T03:08:44.049Z,0,,0,high_exposure_major_bump,0.3,1,4688043
typeorm,1.0.0-nightly.20260327,unknown,2026-03-27T03:08:51.205Z,0,,0,high_exposure_major_bump,0.3,1,4688043
typeorm,1.0.0-nightly.20260328,unknown,2026-03-28T03:06:16.636Z,0,,0,high_exposure_major_bump,0.3,1,4688043
typeorm,1.0.0-nightly.20260329,unknown,2026-03-29T03:08:50.907Z,0,,0,high_exposure_major_bump,0.3,1,4688043
typeorm,1.0.0-nightly.20260330,unknown,2026-03-30T03:09:35.197Z,0,,0,high_exposure_major_bump,0.3,1,4688043
typeorm,1.0.0-nightly.20260331,unknown,2026-03-31T03:09:09.829Z,0,,0,high_exposure_major_bump,0.3,1,4688043
typeorm,1.0.0-nightly.20260401,unknown,2026-04-01T03:09:05.298Z,0,,0,high_exposure_major_bump,0.3,1,4688043
typeorm,1.0.0-nightly.20260402,unknown,2026-04-02T03:08:36.434Z,0,,0,high_exposure_major_bump,0.3,1,4688043
typeorm,1.0.0-nightly.20260403,unknown,2026-04-03T03:08:31.194Z,0,,0,high_exposure_major_bump,0.3,1,4688043
typeorm,1.0.0-nightly.20260404,unknown,2026-04-04T03:05:33.803Z,0,,0,high_exposure_major_bump,0.3,1,4688043
typeorm,1.0.0-nightly.20260405,unknown,2026-04-05T03:08:25.049Z,0,,0,high_exposure_major_bump,0.3,1,4688043
typeorm,1.0.0-nightly.20260406,unknown,2026-04-06T03:09:53.057Z,0,,0,high_exposure_major_bump,0.3,1,4688043
typeorm,1.0.0-nightly.20260407,unknown,2026-04-07T03:08:50.270Z,0,,0,high_exposure_major_bump,0.3,1,4688043
typeorm,1.0.0-nightly.20260408,unknown,2026-04-08T03:09:09.022Z,0,,0,high_exposure_major_bump,0.3,1,4688043
typeorm,1.0.0-nightly.20260409,unknown,2026-04-09T03:08:27.536Z,0,,0,high_exposure_major_bump,0.3,1,4688043
typeorm,1.0.0-nightly.20260410,unknown,2026-04-10T03:09:56.420Z,0,,0,high_exposure_major_bump,0.3,1,4688043
typeorm,1.0.0-nightly.20260411,unknown,2026-04-11T03:07:11.573Z,0,,0,high_exposure_major_bump,0.3,1,4688043
typeorm,1.0.0-nightly.20260412,unknown,2026-04-12T03:09:23.489Z,0,,0,high_exposure_major_bump,0.3,1,4688043
typeorm,1.0.0-nightly.20260413,unknown,2026-04-13T03:10:40.512Z,0,,0,high_exposure_major_bump,0.3,1,4688043
typeorm,1.0.0-nightly.20260414,unknown,2026-04-14T03:09:14.837Z,0,,0,high_exposure_major_bump,0.3,1,4688043
typeorm,1.0.0-nightly.20260415,unknown,2026-04-15T03:09:27.251Z,0,,0,high_exposure_major_bump,0.3,1,4688043
typeorm,1.0.0-nightly.20260416,unknown,2026-04-16T03:09:54.757Z,0,,0,high_exposure_major_bump,0.3,1,4688043
typeorm,1.0.0-nightly.20260417,unknown,2026-04-17T03:09:35.880Z,0,,0,high_exposure_major_bump,0.3,1,4688043
typeorm,1.0.0-nightly.20260418,unknown,2026-04-18T03:08:03.410Z,0,,0,high_exposure_major_bump,0.3,1,4688043
typeorm,1.0.0-nightly.20260419,unknown,2026-04-19T03:09:39.763Z,0,,0,high_exposure_major_bump,0.3,1,4688043
typeorm,1.0.0-nightly.20260420,unknown,2026-04-20T03:10:27.944Z,0,,0,high_exposure_major_bump,0.3,1,4688043
typeorm,1.0.0-nightly.20260421,unknown,2026-04-21T03:09:21.668Z,0,,0,high_exposure_major_bump,0.3,1,4688043
typeorm,1.0.0-nightly.20260422,unknown,2026-04-22T03:09:43.909Z,0,,0,high_exposure_major_bump,0.3,1,4688043
typeorm,1.0.0-nightly.20260423,unknown,2026-04-23T03:09:48.887Z,0,,0,high_exposure_major_bump,0.3,1,4688043
typeorm,1.0.0-nightly.20260424,unknown,2026-04-24T03:10:07.465Z,0,,0,high_exposure_major_bump,0.3,1,4688043
typeorm,1.0.0-nightly.20260425,unknown,2026-04-25T03:08:02.200Z,0,,0,high_exposure_major_bump,0.3,1,4688043
typeorm,1.0.0-nightly.20260426,unknown,2026-04-26T03:10:09.533Z,0,,0,high_exposure_major_bump,0.3,1,4688043
typeorm,1.0.0-nightly.20260427,unknown,2026-04-27T03:11:29.601Z,0,,0,high_exposure_major_bump,0.3,1,4688043
typeorm,1.0.0-nightly.20260428,unknown,2026-04-28T03:11:51.644Z,0,,0,high_exposure_major_bump,0.3,1,4688043
typeorm,1.0.0-nightly.20260429,unknown,2026-04-29T03:11:09.324Z,0,,0,high_exposure_major_bump,0.3,1,4688043
typeorm,1.0.0-nightly.20260430,unknown,2026-04-30T03:11:58.571Z,0,,0,high_exposure_major_bump,0.3,1,4688043
typeorm,1.0.0-nightly.20260501,unknown,2026-05-01T03:11:39.670Z,0,,0,high_exposure_major_bump,0.3,1,4688043
typeorm,1.0.0-nightly.20260502,unknown,2026-05-02T03:09:55.168Z,0,,0,high_exposure_major_bump,0.3,1,4688043
typeorm,1.0.0-nightly.20260503,unknown,2026-05-03T03:11:15.554Z,0,,0,high_exposure_major_bump,0.3,1,4688043
typeorm,1.0.0-nightly.20260504,unknown,2026-05-04T03:12:41.800Z,0,,0,high_exposure_major_bump,0.3,1,4688043
typeorm,1.0.0-nightly.20260505,unknown,2026-05-05T03:11:05.862Z,0,,0,high_exposure_major_bump,0.3,1,4688043
typeorm,1.0.0-nightly.20260506,unknown,2026-05-06T03:11:54.866Z,0,,0,high_exposure_major_bump,0.3,1,4688043
typeorm,1.0.0-nightly.20260507,unknown,2026-05-07T03:12:40.996Z,0,,0,high_exposure_major_bump,0.3,1,4688043
typeorm,1.0.0-nightly.20260508,unknown,2026-05-08T03:09:50.193Z,0,,0,high_exposure_major_bump,0.3,1,4688043
typeorm,1.0.0-nightly.20260509,unknown,2026-05-09T03:11:26.838Z,0,,0,high_exposure_major_bump,0.3,1,4688043
typeorm,1.0.0-nightly.20260510,unknown,2026-05-10T03:11:47.075Z,0,,0,high_exposure_major_bump,0.3,1,4688043
typeorm,1.0.0-nightly.20260511,unknown,2026-05-11T03:13:50.049Z,0,,0,high_exposure_major_bump,0.3,1,4688043
typeorm,1.0.0-nightly.20260512,unknown,2026-05-12T03:12:26.280Z,0,,0,high_exposure_major_bump,0.3,1,4688043
typeorm,1.0.0-nightly.20260513,unknown,2026-05-13T03:13:04.065Z,0,,0,high_exposure_major_bump,0.3,1,4688043
typeorm,1.0.0-nightly.20260514,unknown,2026-05-14T03:11:42.120Z,0,,0,high_exposure_major_bump,0.3,1,4688043
typeorm,1.0.0-nightly.20260515,unknown,2026-05-15T03:12:59.831Z,0,,0,high_exposure_major_bump,0.3,1,4688043
typeorm,1.0.0-nightly.20260516,unknown,2026-05-16T03:11:03.323Z,0,,0,high_exposure_major_bump,0.3,1,4688043
typeorm,1.0.0-nightly.20260517,unknown,2026-05-17T03:12:27.986Z,0,,0,high_exposure_major_bump,0.3,1,4688043
typeorm,1.0.0-nightly.20260518,unknown,2026-05-18T03:14:30.853Z,0,,0,high_exposure_major_bump,0.3,1,4688043
typeorm,1.0.0-nightly.20260519,unknown,2026-05-19T03:13:15.270Z,0,,0,high_exposure_major_bump,0.3,1,4688043
typeorm,1.0.0,unknown,2026-05-19T11:14:59.730Z,0,,0,high_exposure_major_bump,0.3,1,4688043
typeorm,1.0.0-nightly.20260520,unknown,2026-05-20T03:13:13.332Z,0,,0,high_exposure_major_bump,0.3,1,4688043
typeorm,1.0.0-nightly.20260521,unknown,2026-05-21T03:13:48.879Z,0,,0,high_exposure_major_bump,0.3,1,4688043
typedoc,1.0.0-dev.1,unknown,2020-08-31T03:18:52.382Z,0,,0,high_exposure_major_bump,0.3,1,4360175
typedoc,1.0.0-dev.2,unknown,2020-09-05T02:57:05.544Z,0,,0,high_exposure_major_bump,0.3,1,4360175
typedoc,1.0.0-dev.3,unknown,2020-09-13T02:34:04.147Z,0,,0,high_exposure_major_bump,0.3,1,4360175
typedoc,1.0.0-dev.4,unknown,2020-10-04T23:52:07.560Z,0,,0,high_exposure_major_bump,0.3,1,4360175
knex,1.0.0,unknown,2022-01-16T00:46:30.704Z,0,,0,high_exposure_major_bump,0.3,1,4302009
knex,2.0.0,unknown,2022-04-21T20:28:50.132Z,0,,0,high_exposure_major_bump,0.3,1,4302009
knex,3.0.0,unknown,2023-10-06T06:55:49.142Z,0,,0,high_exposure_major_bump,0.3,1,4302009
mv,1.0.0,unknown,2013-09-08T00:25:50.031Z,0,,0,high_exposure_major_bump,0.3,1,4217322
mv,2.0.0,unknown,2014-02-26T06:49:58.561Z,0,,0,high_exposure_major_bump,0.3,1,4217322
@babel/cli,7.0.0,unknown,2018-08-27T21:41:23.922Z,0,,0,high_exposure_major_bump,0.3,1,4127782
decompress,1.0.0,unknown,2014-08-15T10:01:55.597Z,0,,0,high_exposure_major_bump,0.3,1,3876358
decompress,2.0.0,unknown,2014-09-13T20:41:12.575Z,0,,0,high_exposure_major_bump,0.3,1,3876358
decompress,3.0.0,unknown,2015-10-20T21:54:49.213Z,0,,0,high_exposure_major_bump,0.3,1,3876358
decompress,4.0.0,unknown,2016-05-20T15:17:23.542Z,0,,0,high_exposure_major_bump,0.3,1,3876358
express-session,1.0.0,unknown,2014-02-16T00:49:14.605Z,0,,0,high_exposure_major_bump,0.3,1,3859747
bunyan,1.0.0,unknown,2014-08-01T22:59:56.330Z,0,,0,high_exposure_major_bump,0.3,1,3591122
bunyan,2.0.0,unknown,2017-05-04T06:35:01.170Z,0,,0,high_exposure_major_bump,0.3,1,3591122
passport-jwt,1.0.0,unknown,2015-03-03T04:31:13.190Z,0,,0,high_exposure_major_bump,0.3,1,3521666
passport-jwt,2.0.0,unknown,2016-02-11T05:17:55.753Z,0,,0,high_exposure_major_bump,0.3,1,3521666
passport-jwt,3.0.0,unknown,2017-08-16T03:30:54.612Z,0,,0,high_exposure_major_bump,0.3,1,3521666
passport-jwt,4.0.0,unknown,2018-03-13T02:57:13.071Z,0,,0,high_exposure_major_bump,0.3,1,3521666
astro,1.0.0,unknown,2022-08-09T16:15:52.619Z,0,,0,high_exposure_major_bump,0.3,1,3075312
astro,2.0.0,unknown,2023-01-24T16:39:28.771Z,0,,0,high_exposure_major_bump,0.3,1,3075312
astro,3.0.0,unknown,2023-08-30T11:40:19.254Z,0,,0,high_exposure_major_bump,0.3,1,3075312
astro,4.0.0,unknown,2023-12-05T13:40:15.216Z,0,,0,high_exposure_major_bump,0.3,1,3075312
astro,5.0.0,unknown,2024-12-03T10:57:54.175Z,0,,0,high_exposure_major_bump,0.3,1,3075312
astro,6.0.0,unknown,2026-03-10T09:48:48.781Z,0,,0,high_exposure_major_bump,0.3,1,3075312
karma-chrome-launcher,2.0.0,unknown,2016-08-18T16:18:14.900Z,0,,0,high_exposure_major_bump,0.3,1,3043743
karma-chrome-launcher,3.0.0,unknown,2019-07-12T23:23:56.132Z,0,,0,high_exposure_major_bump,0.3,1,3043743
signale,1.0.0,unknown,2018-05-16T03:39:03.542Z,0,,0,high_exposure_major_bump,0.3,1,2840534
jsdoc,4.0.0,unknown,2022-11-03T18:45:50.946Z,0,,0,high_exposure_major_bump,0.3,1,2824979
titleize,1.0.0,unknown,2015-01-20T12:46:15.296Z,0,,0,high_exposure_major_bump,0.3,1,2659714
titleize,2.0.0,unknown,2019-03-05T07:48:57.895Z,0,,0,high_exposure_major_bump,0.3,1,2659714
titleize,3.0.0,unknown,2021-04-22T06:24:26.747Z,0,,0,high_exposure_major_bump,0.3,1,2659714
titleize,4.0.0,unknown,2023-08-31T15:32:24.667Z,0,,0,high_exposure_major_bump,0.3,1,2659714
amqplib,1.0.0,unknown,2026-03-28T15:46:13.061Z,0,,0,high_exposure_major_bump,0.3,1,2490748
amqplib,2.0.0,unknown,2026-05-10T15:23:38.567Z,0,,0,high_exposure_major_bump,0.3,1,2490748
otplib,1.0.0,unknown,2014-04-14T07:16:21.374Z,0,,0,high_exposure_major_bump,0.3,1,2202109
otplib,2.0.0,unknown,2015-08-21T15:22:55.267Z,0,,0,high_exposure_major_bump,0.3,1,2202109
otplib,3.0.0,unknown,2015-09-12T16:28:12.899Z,0,,0,high_exposure_major_bump,0.3,1,2202109
otplib,5.0.0,unknown,2017-07-29T05:32:03.431Z,0,,0,high_exposure_major_bump,0.3,1,2202109
otplib,6.0.0,unknown,2017-09-02T15:14:17.601Z,0,,0,high_exposure_major_bump,0.3,1,2202109
otplib,7.0.0,unknown,2017-10-22T13:25:38.672Z,0,,0,high_exposure_major_bump,0.3,1,2202109
otplib,8.0.0,unknown,2018-03-27T14:36:22.956Z,0,,0,high_exposure_major_bump,0.3,1,2202109
otplib,9.0.0,unknown,2018-04-22T04:52:18.566Z,0,,0,high_exposure_major_bump,0.3,1,2202109
otplib,10.0.0,unknown,2018-06-17T07:51:31.732Z,0,,0,high_exposure_major_bump,0.3,1,2202109
otplib,11.0.0,unknown,2019-03-09T12:49:24.752Z,0,,0,high_exposure_major_bump,0.3,1,2202109
otplib,12.0.0,unknown,2019-12-30T16:40:00.447Z,0,,0,high_exposure_major_bump,0.3,1,2202109
otplib,13.0.0,unknown,2026-01-10T10:47:09.225Z,0,,0,high_exposure_major_bump,0.3,1,2202109
passport-local,1.0.0,unknown,2014-03-08T19:05:10.745Z,0,,0,high_exposure_major_bump,0.3,1,1934239
gulp-cli,1.0.0,unknown,2015-11-18T23:51:01.634Z,0,,0,high_exposure_major_bump,0.3,1,1919385
gulp-cli,2.0.0,unknown,2017-12-21T22:23:40.188Z,0,,0,high_exposure_major_bump,0.3,1,1919385
gulp-cli,3.0.0,unknown,2024-03-24T20:10:16.688Z,0,,0,high_exposure_major_bump,0.3,1,1919385
scrypt-js,1.0.0,unknown,2016-03-12T01:01:18.423Z,0,,0,high_exposure_major_bump,0.3,1,1737853
scrypt-js,2.0.0,unknown,2016-04-09T21:50:15.598Z,0,,0,high_exposure_major_bump,0.3,1,1737853
scrypt-js,3.0.0,unknown,2019-11-13T11:50:14.716Z,0,,0,high_exposure_major_bump,0.3,1,1737853
vuex,2.0.0,unknown,2016-09-30T18:43:10.219Z,0,,0,high_exposure_major_bump,0.3,1,1624544
vuex,1.0.0,unknown,2016-09-30T21:26:18.735Z,0,,0,high_exposure_major_bump,0.3,1,1624544
vuex,3.0.0,unknown,2017-10-11T19:09:58.542Z,0,,0,high_exposure_major_bump,0.3,1,1624544
vuex,4.0.0,unknown,2021-02-02T14:48:45.536Z,0,,0,high_exposure_major_bump,0.3,1,1624544
apollo-utilities,1.0.0,unknown,2017-10-24T18:52:12.073Z,0,,0,high_exposure_major_bump,0.3,1,1612023
p-all,1.0.0,unknown,2016-10-21T04:00:33.246Z,0,,0,high_exposure_major_bump,0.3,1,1533320
p-all,2.0.0,unknown,2019-03-02T18:05:18.746Z,0,,0,high_exposure_major_bump,0.3,1,1533320
p-all,3.0.0,unknown,2020-03-22T07:38:05.234Z,0,,0,high_exposure_major_bump,0.3,1,1533320
p-all,4.0.0,unknown,2021-05-31T07:27:35.245Z,0,,0,high_exposure_major_bump,0.3,1,1533320
p-all,5.0.0,unknown,2023-04-22T17:45:19.876Z,0,,0,high_exposure_major_bump,0.3,1,1533320
apollo-link,1.0.0,unknown,2017-10-24T18:45:02.106Z,0,,0,high_exposure_major_bump,0.3,1,1485755
normalize.css,4.0.0,unknown,2016-03-19T21:24:52.531Z,0,,0,high_exposure_major_bump,0.3,1,1411040
normalize.css,5.0.0,unknown,2016-10-03T12:59:00.482Z,0,,0,high_exposure_major_bump,0.3,1,1411040
normalize.css,6.0.0,unknown,2017-03-26T22:31:35.460Z,0,,0,high_exposure_major_bump,0.3,1,1411040
normalize.css,7.0.0,unknown,2017-05-02T18:16:35.342Z,0,,0,high_exposure_major_bump,0.3,1,1411040
normalize.css,8.0.0,unknown,2018-02-09T00:00:26.713Z,0,,0,high_exposure_major_bump,0.3,1,1411040
murmurhash,1.0.0,unknown,2020-04-10T21:44:59.784Z,0,,0,high_exposure_major_bump,0.3,1,1398477
murmurhash,2.0.0,unknown,2020-11-03T18:26:26.074Z,0,,0,high_exposure_major_bump,0.3,1,1398477
optimize-css-assets-webpack-plugin,1.0.0,unknown,2016-01-09T01:09:03.097Z,0,,0,high_exposure_major_bump,0.3,1,1316045
optimize-css-assets-webpack-plugin,2.0.0,unknown,2017-06-03T14:52:09.913Z,0,,0,high_exposure_major_bump,0.3,1,1316045
optimize-css-assets-webpack-plugin,3.0.0,unknown,2017-07-23T20:44:53.250Z,0,,0,high_exposure_major_bump,0.3,1,1316045
optimize-css-assets-webpack-plugin,4.0.0,unknown,2018-03-04T21:10:13.664Z,0,,0,high_exposure_major_bump,0.3,1,1316045
optimize-css-assets-webpack-plugin,5.0.0,unknown,2018-07-15T15:47:57.162Z,0,,0,high_exposure_major_bump,0.3,1,1316045
optimize-css-assets-webpack-plugin,6.0.0,unknown,2021-05-17T01:49:35.775Z,0,,0,high_exposure_major_bump,0.3,1,1316045
passport-google-oauth20,1.0.0,unknown,2016-02-04T01:11:12.327Z,0,,0,high_exposure_major_bump,0.3,1,1196459
passport-google-oauth20,2.0.0,unknown,2019-03-08T23:40:25.910Z,0,,0,high_exposure_major_bump,0.3,1,1196459
p-any,1.0.0,unknown,2016-10-21T05:37:21.204Z,0,,0,high_exposure_major_bump,0.3,1,1187113
p-any,2.0.0,unknown,2019-03-14T18:03:49.315Z,0,,0,high_exposure_major_bump,0.3,1,1187113
p-any,3.0.0,unknown,2020-02-22T14:44:06.005Z,0,,0,high_exposure_major_bump,0.3,1,1187113
p-any,4.0.0,unknown,2021-05-31T15:59:16.288Z,0,,0,high_exposure_major_bump,0.3,1,1187113
grunt-cli,1.0.0,unknown,2016-03-21T22:39:14.948Z,0,,0,high_exposure_major_bump,0.3,1,1137925
jsbarcode,2.0.0,unknown,2016-02-24T12:29:31.398Z,0,,0,high_exposure_major_bump,0.3,1,1130740
jsbarcode,3.0.0,unknown,2016-04-30T12:08:55.468Z,0,,0,high_exposure_major_bump,0.3,1,1130740
grunt,1.0.0,unknown,2016-04-04T23:26:54.788Z,0,,0,high_exposure_major_bump,0.3,1,1105010
sha1,1.0.0,unknown,2012-09-10T09:29:50.508Z,0,,0,high_exposure_major_bump,0.3,1,1074672
